PlantID,PlantName,Accession,ClonalGroup,Replicate,AccessionID,ExperimentID,User,GrowthLocation,TrayPosition,PlantingDate,IntoChamberDate,EmergenceDate,Oct12_GrowthStage,Oct14_GrowthStage,Oct17_GrowthStage,Oct19_GrowthStage,Oct21_GrowthStage,Oct23_GrowthStage,Oct26_GrowthStage,Oct28_GrowthStage,Oct30_GrowthStage,Nov2_GrowthStage,Nov4_GrowthStage,Nov6_GrowthStage,Nov13_GrowthStage,Nov16_GrowthStage,Oct17_Heightcm,Oct23_Heightcm,Oct30_Heightcm,Nov6_Heightcm,Nov13_Heightcm,Nov20_Heightcm,Dec4_Heightcm,Dec11_Heightcm,Nov11_TillerCount,Dec9_TillerCount,3rd Leaf_Width.cm,3rd Leaf_Length.cm,EarEmergenceDate,Dec16_TissueHarvest DNA Location,Dec16_TissueHarvest RNA Location,Final Height cm,Final Tiller Count,Ear Count,AboveSoil BioMass mg,4/4 re-dry BioMass,Seed Count,50seed Weight
28001,BdTR9b_R3S,BdTR9b,Clone4,3,718,BVZ0049,SRE,NCRIS-2,1A1,9/24/2015,10/2/2015,10/7/2015,0.0,0.0,1.4,1.7,2.0,2.3,2.9,3.1,3.4,3.9,4.1,4.5,5.6,6.1,6.4,7.1,9.7,12.7,17.2,20.6,34.5,40.1,5,6,0.3,6.4,11/27/2015,1A1,8A1,51.1,7,16,0.86,0.79,,
28002,BdTR3d_R2S,BdTR3d,Clone2,2,680,BVZ0049,SRE,NCRIS-2,1A2,9/24/2015,10/2/2015,10/7/2015,1.2,1.5,1.7,1.9,2.1,2.3,3.1,3.2,3.6,4.1,4.3,4.7,6.1,6.7,5.5,7.4,8.0,9.8,13.7,20.8,39.0,40.4,8,8,0.3,6.0,11/23/2015,1B1,8B1,42.3,8,19,0.94,0.88,,
28003,BdTR5g_R1S,BdTR5g,Clone3,1,701,BVZ0049,SRE,NCRIS-2,1A3,9/24/2015,10/2/2015,10/7/2015,0.0,1.0,1.4,1.7,1.9,2.1,2.4,2.9,3.1,3.5,3.9,4.1,5.2,5.7,4.7,7.0,8.2,10.5,14.0,17.4,31.8,37.4,5,6,0.3,7.3,11/25/2015,1C1,8C1,43.8,5,16,0.76,0.68,,
28004,BdTR9f_R1S,BdTR9f,Clone4,1,721,BVZ0049,SRE,NCRIS-2,1A4,9/24/2015,10/2/2015,10/7/2015,0.0,1.2,1.6,1.9,1.9,2.2,2.6,3.1,3.3,3.9,4.0,4.3,5.6,6.2,5.4,7.2,8.2,11.3,15.7,22.5,36.8,41.9,6,6,0.4,5.0,11/27/2015,1D1,8D1,44.8,6,13,0.64,0.59,,
28005,BdTR13i_R1S,BdTR13i,Clone7,1,762,BVZ0049,SRE,NCRIS-2,1A5,9/24/2015,10/2/2015,10/8/2015,1.2,1.3,1.7,1.9,2.1,2.4,2.9,3.3,3.5,4.2,4.5,4.9,6.4,7.2,4.6,7.0,8.7,11.6,15.4,21.1,34.2,35.0,6,4,0.2,6.4,11/20/2015,1E1,8E1,34.5,5,16,0.64,0.6,,
28006,BdTR11h_R1S,BdTR11h,Clone6,1,749,BVZ0049,SRE,NCRIS-2,1B1,9/24/2015,10/2/2015,10/9/2015,0.0,1.1,1.4,1.8,1.9,2.0,2.4,2.7,3.1,3.6,3.9,4.2,5.4,5.7,5.0,7.4,8.5,10.9,14.2,16.0,36.7,37.5,5,7,0.4,6.6,12/1/2015,1F1,8F1,47.5,7,16,0.86,0.79,,
28007,BdTR2c_R1S,BdTR2c,Clone1,1,662,BVZ0049,SRE,NCRIS-2,1B2,9/24/2015,10/2/2015,10/7/2015,1.3,1.5,1.7,1.9,2.0,2.3,2.8,3.1,3.5,3.9,4.2,4.6,5.8,6.4,4.3,6.0,7.5,10.6,15.5,22.9,38.7,40.7,7,6,0.3,5.7,11/26/2015,1G1,8G1,10.8,7,19,0.66,0.61,,
28008,BdTR11h_R2S,BdTR11h,Clone6,2,749,BVZ0049,SRE,NCRIS-2,1B3,9/24/2015,10/2/2015,10/7/2015,1.1,1.3,1.6,1.9,1.9,2.1,2.5,2.9,3.2,3.7,4.0,4.3,5.4,6.0,4.7,7.6,8.7,11.4,14.5,18.6,37.4,42.8,5,6,0.4,6.6,11/23/2015,1H1,8H1,53.7,5,14,0.79,0.73,,
28009,KEI1_R3S,KEI1,HYB2,3,422,BVZ0049,SRE,NCRIS-2,1B4,9/24/2015,10/2/2015,10/8/2015,0.0,0.0,1.1,1.5,1.9,2.1,2.5,2.9,3.3,3.8,4.3,4.6,-,-,6.9,10.1,15.3,23.6,32.5,39.7,43.2,43.2,6,7,0.4,11.4,11/13/2015,1A2,8A2,43,8,15,0.99,0.92,,
28010,BdTR2b_R1S,BdTR2b,Clone1,1,661,BVZ0049,SRE,NCRIS-2,1B5,9/24/2015,10/2/2015,10/7/2015,1.1,1.4,1.6,1.9,2.0,2.3,3.1,3.1,3.4,3.9,4.2,4.5,6.4,6.5,4.9,6.5,8.4,11.3,16.5,23.2,36.6,38.5,6,6,0.3,6.3,11/20/2015,1B2,8B2,39.4,,20,0.71,0.69,,
28011,BdTR9b_R2S,BdTR9b,Clone4,2,718,BVZ0049,SRE,NCRIS-2,1C1,9/24/2015,10/2/2015,10/7/2015,1.1,1.2,1.4,1.7,1.9,2.1,2.5,2.9,3.2,3.7,3.9,4.2,5.5,6.0,6.4,8.0,9.5,12.4,15.6,26.5,29.8,37.9,7,8,0.3,6.0,12/3/2015,1C2,8C2,56.9,7,14,0.81,0.77,,
28012,BdTR11d_R2S,BdTR11d,Clone6,2,745,BVZ0049,SRE,NCRIS-2,1C2,9/24/2015,10/2/2015,10/7/2015,0.0,1.3,1.6,1.9,1.9,2.1,2.5,2.9,3.3,3.7,4.1,4.4,5.6,6.1,5.4,8.7,9.8,12.5,15.3,18.9,35.3,43.3,5,6,0.4,7.3,11/27/2015,1D2,8D2,58.6,7,20,1.03,0.95,,
28013,BdTR3s_R2S,BdTR3s,Clone2,2,693,BVZ0049,SRE,NCRIS-2,1C3,9/24/2015,10/2/2015,10/7/2015,1.1,1.3,1.6,1.9,2.1,2.3,2.7,3.1,3.4,3.9,4.2,4.5,5.9,6.3,5.1,6.7,7.4,9.9,12.6,16.1,27.1,35.2,8,9,0.3,5.8,12/1/2015,1E2,8E2,41.7,9,15,0.95,0.9,,
28014,BRO1-1_R2S,BRO1-1,HYB1,2,278,BVZ0049,SRE,NCRIS-2,1C4,9/24/2015,10/2/2015,10/7/2015,0.0,0.0,1.2,1.5,1.9,2.1,2.5,2.9,3.2,3.7,4.3,4.6,-,-,8.1,12.1,16.6,24.3,35.7,46.0,49.6,49.6,6,5,0.5,12.5,11/11/2015,1F2,8F2,49.8,5,13,1.33,1.26,,
28015,BdTR10c_R1S,BdTR10c,Clone5,1,730,BVZ0049,SRE,NCRIS-2,1C5,9/24/2015,10/2/2015,10/8/2015,1.3,1.5,1.9,1.9,2.1,2.4,2.9,3.2,3.5,4.0,4.3,4.6,5.7,6.4,5.0,6.8,7.9,10.5,13.6,18.5,33.2,37.0,7,7,0.3,5.9,11/23/2015,1G2,8G2,36.4,7,19,0.75,0.7,,
28016,BdTR3d_R1S,BdTR3d,Clone2,1,680,BVZ0049,SRE,NCRIS-2,1D1,9/24/2015,10/2/2015,10/7/2015,1.0,1.3,1.6,1.9,2.1,2.3,2.7,3.2,3.5,4.1,4.4,4.7,6.1,6.4,4.6,6.2,6.8,8.8,12.8,15.1,27.5,29.7,6,12,0.3,5.2,11/25/2015,1H2,8H2,38.2,9,12,0.8,0.76,,
28017,BdTR3e_R2S,BdTR3e,Clone2,2,681,BVZ0049,SRE,NCRIS-2,1D2,9/24/2015,10/2/2015,10/7/2015,1.1,1.4,1.9,1.9,2.1,2.3,2.9,3.2,3.5,4.1,4.3,4.6,5.9,6.4,4.8,7.0,8.7,10.7,13.8,16.2,27.8,32.7,8,9,0.3,6.6,12/3/2015,1A3,8A3,48.7,8,12,0.88,0.86,,
28018,BdTR10f_R1S,BdTR10f,Clone4,1,733,BVZ0049,SRE,NCRIS-2,1D3,9/24/2015,10/2/2015,10/7/2015,1.2,1.5,1.9,1.9,2.1,2.4,2.9,3.2,3.5,3.9,4.2,4.5,5.7,6.3,4.8,6.8,8.6,10.9,14.0,21.3,37.0,42.2,7,7,0.3,6.4,11/20/2015,1B3,8B3,43.2,7,14,0.68,0.64,,
28019,BdTR5g_R3S,BdTR5g,Clone3,3,701,BVZ0049,SRE,NCRIS-2,1D4,9/24/2015,10/2/2015,10/7/2015,0.0,1.1,1.5,1.9,1.9,2.1,2.5,2.8,3.1,3.5,3.8,4.1,5.2,5.7,4.6,7.4,9.2,11.8,14.6,18.8,31.6,34.7,5,6,0.3,7.9,11/23/2015,1C3,8C3,38.4,6,16,0.77,0.7,,
28020,BdTR2g_R1S,BdTR2g,Clone1,1,666,BVZ0049,SRE,NCRIS-2,2A1,9/24/2015,10/2/2015,10/7/2015,1.2,1.4,1.7,1.9,2.1,2.3,2.7,3.1,3.5,3.9,4.2,4.5,5.7,6.2,5.3,6.7,7.9,10.6,14.4,20.2,38.5,42.5,6,7,0.3,5.9,11/23/2015,1D3,8D3,45.2,8,22,0.85,-,,
28021,BdTR2n_R1S,BdTR2n,Clone1,1,672,BVZ0049,SRE,NCRIS-2,2A2,9/24/2015,10/2/2015,10/7/2015,1.3,1.5,1.9,1.9,2.1,2.4,2.9,3.1,3.5,3.9,4.2,4.5,5.7,6.3,4.1,5.9,7.7,10.2,14.2,21.7,37.7,42.1,6,7,0.3,6.0,11/23/2015,1E3,8E3,44,7,17,0.7,-,,
28022,BdTR3c_R2S,BdTR3c,Clone2,2,679,BVZ0049,SRE,NCRIS-2,2A3,9/24/2015,10/2/2015,10/7/2015,1.4,1.7,1.9,2.0,2.2,2.5,3.1,3.4,3.7,4.2,4.5,4.9,6.2,6.7,6.3,7.8,8.9,11.0,15.2,19.6,33.7,38.0,9,10,0.3,6.7,11/25/2015,1F3,8F3,41,9,22,1.09,-,,
28023,BdTR3i_R2S,BdTR3i,Clone2,2,685,BVZ0049,SRE,NCRIS-2,2A4,9/24/2015,10/2/2015,10/7/2015,1.3,1.5,1.9,2.0,2.2,2.5,3.1,3.4,3.7,4.2,4.4,4.7,6.2,6.5,5.6,7.1,8.8,10.5,14.7,18.7,34.2,38.0,7,1,0.3,6.9,11/25/2015,1G3,8G3,46.4,7,14,0.86,-,,
28024,BdTR3r_R3S,BdTR3r,Clone2,3,692,BVZ0049,SRE,NCRIS-2,2A5,9/24/2015,10/2/2015,10/7/2015,1.4,1.6,1.9,2.0,2.2,2.5,3.2,3.5,3.9,4.3,4.6,5.1,6.3,6.7,5.8,7.3,8.5,10.7,14.5,17.0,32.9,37.3,8,14,0.3,6.6,11/27/2015,1H3,8H3,37.2,11,8,1.01,-,,
28025,BdTR5j_R3S,BdTR5j,Clone3,3,704,BVZ0049,SRE,NCRIS-2,2B1,9/24/2015,10/2/2015,10/7/2015,0.0,1.1,1.5,1.6,1.9,2.1,2.6,2.9,3.1,3.6,3.9,4.1,5.3,5.7,4.9,6.6,8.1,10.3,13.1,15.7,27.0,32.8,5,6,0.2,6.8,11/27/2015,1A4,8A4,35.5,6,19,0.71,-,,
28026,Bd21_R16S,Bd21,Bd21,16,4741,BVZ0049,SRE,NCRIS-2,2B2,9/24/2015,10/2/2015,10/9/2015,0.0,0.0,1.1,1.3,1.5,1.9,2.3,2.6,3.0,3.4,3.9,4.1,5.5,6.4,5.6,6.1,7.2,10.1,13.1,19.3,31.0,31.6,4,6,0.4,5.7,11/20/2015,1B4,8B4,31.6,6,12,0.52,-,,
28027,BdTR10i_R3S,BdTR10i,Clone5,3,736,BVZ0049,SRE,NCRIS-2,2B3,9/24/2015,10/2/2015,10/7/2015,1.2,1.5,1.7,1.9,2.0,2.3,2.9,3.1,3.4,3.9,4.1,4.5,5.6,6.1,4.7,6.8,8.7,10.8,14.5,21.1,34.4,41.8,7,6,0.3,6.5,11/23/2015,1C4,8C4,43.7,6,13,0.65,-,,
28028,BdTR13g_R1S,BdTR13g,Clone7,1,760,BVZ0049,SRE,NCRIS-2,2B4,9/24/2015,10/2/2015,10/7/2015,1.3,1.4,1.7,1.9,2.1,2.4,3.0,3.3,3.6,4.2,4.5,4.9,6.3,7.1,4.6,7.0,8.4,11.6,15.8,22.5,38.0,40.0,5,4,0.3,6.6,11/20/2015,1D4,8D4,39.3,4,14,0.57,-,,
28029,BdTR9g_R2S,BdTR9g,Clone4,2,722,BVZ0049,SRE,NCRIS-2,2B5,9/24/2015,10/2/2015,10/7/2015,0.0,1.1,1.4,1.8,2.0,2.4,2.9,3.1,3.5,3.9,4.1,4.5,5.7,6.3,6.2,7.0,9.2,12.4,15.9,22.1,35.1,39.4,7,8,0.3,6.1,11/27/2015,1E4,8E4,54.5,9,20,0.97,-,,
28030,BdTR13c_R2S,BdTR13c,Clone7,2,756,BVZ0049,SRE,NCRIS-2,2C1,9/24/2015,10/2/2015,10/7/2015,1.3,1.5,1.9,2.0,2.3,2.6,3.1,3.4,3.7,4.2,4.5,4.9,6.3,7.3,4.1,4.7,7.1,10.0,15.1,21.5,30.2,32.6,5,6,0.3,5.3,11/20/2015,1F4,8F4,32.1,4,15,0.64,-,,
28031,ELI10_R2S,ELI10,HYB1,2,349,BVZ0049,SRE,NCRIS-2,2C2,9/24/2015,10/2/2015,10/7/2015,0.0,0.0,1.3,1.7,1.9,2.2,3.1,3.1,3.4,4.1,4.4,4.6,-,-,6.3,10.2,15.5,22.8,33.2,37.3,38.8,38.8,7,8,0.4,11.0,11/13/2015,1G4,8G4,38.7,8,21,1.2,-,,
28032,BdTR11f_R3S,BdTR11f,Clone6,3,747,BVZ0049,SRE,NCRIS-2,2C3,9/24/2015,10/2/2015,10/7/2015,0.0,1.1,1.4,1.7,1.9,2.1,2.5,2.7,3.1,3.9,4.0,4.3,5.5,6.2,5.5,7.9,9.3,12.2,15.3,18.3,31.9,41.3,6,8,0.4,7.1,12/1/2015,1H4,8H4,59.2,8,22,1.16,-,,
28033,BLA1_R2S,BLA1,HYB1,2,252,BVZ0049,SRE,NCRIS-2,2C4,9/24/2015,10/2/2015,10/7/2015,0.0,0.0,1.1,1.5,1.9,2.1,2.6,2.9,3.3,3.9,4.3,4.6,-,-,7.0,10.5,15.4,24.5,35.3,39.6,43.3,43.3,8,8,0.4,11.9,11/13/2015,1A5,8A5,43.1,8,17,1.18,-,,
28034,BdTR1f_R1S,BdTR1f,Clone1,1,652,BVZ0049,SRE,NCRIS-2,2C5,9/24/2015,10/2/2015,10/7/2015,1.3,1.5,1.7,2.0,2.2,2.4,2.9,3.3,3.7,4.1,4.5,4.9,6.2,6.9,5.5,6.5,7.6,11.2,16.6,22.8,34.9,37.7,8,9,0.4,6.7,11/20/2015,1B5,8B5,37.5,7,20,0.79,-,,
28035,BdTR10g_R3S,BdTR10g,Clone5,3,734,BVZ0049,SRE,NCRIS-2,2D1,9/24/2015,10/2/2015,10/12/2015,0.0,0.0,1.3,1.6,1.9,1.9,2.3,2.6,3.0,3.5,3.8,4.1,5.3,6.0,3.9,6.5,7.6,9.8,12.8,18.3,31.0,35.4,6,8,0.3,6.3,11/23/2015,1C5,8C5,35.3,5,16,0.76,-,,
28036,BdTR3f_R2S,BdTR3f,Clone2,2,682,BVZ0049,SRE,NCRIS-2,2D2,9/24/2015,10/2/2015,10/7/2015,1.4,1.6,1.9,1.9,2.1,2.4,3.1,3.3,3.6,4.2,4.5,4.9,6.1,6.5,6.1,8.0,9.0,10.8,15.3,18.1,32.9,36.2,6,9,0.3,7.2,11/25/2015,1D5,8D5,40.1,9,16,0.88,-,,
28037,KEI5_R1S,KEI5,HYB2,1,426,BVZ0049,SRE,NCRIS-2,2D3,9/24/2015,10/2/2015,10/7/2015,0.0,0.0,1.3,1.6,1.9,2.2,2.7,3.1,3.4,3.9,4.4,4.8,-,-,7.6,12.1,17.7,26.1,38.4,39.3,42.5,41.7,7,6,0.5,12.4,11/11/2015,1E5,8E5,41.6,7,20,1.13,-,,
28038,EGL7_R2S,EGL7,HYB1,2,338,BVZ0049,SRE,NCRIS-2,2D4,9/24/2015,10/2/2015,10/7/2015,0.0,0.0,1.2,1.5,1.9,2.1,2.6,2.9,3.3,3.8,4.3,4.6,-,-,7.6,11.0,16.3,22.6,35.5,36.7,39.2,39.3,7,7,0.4,11.2,11/11/2015,1F5,8F5,39.2,7,19,1.12,-,,
28039,BdTR3k_R1S,BdTR3k,Clone2,1,687,BVZ0049,SRE,NCRIS-2,3A1,9/24/2015,10/2/2015,10/7/2015,1.2,1.4,1.9,1.9,2.1,2.3,2.7,3.2,3.5,4.1,4.3,4.6,6.0,6.5,4.2,6.6,8.0,9.2,12.1,15.7,26.4,32.9,6,12,0.3,6.4,12/3/2015,1G5,8G5,36.9,10,20,1.11,-,,
28040,Bd21_R11S,Bd21,Bd21,11,4741,BVZ0049,SRE,NCRIS-2,3A2,9/24/2015,10/2/2015,10/9/2015,0.0,0.0,1.3,1.6,1.9,2.1,2.5,3.0,3.3,3.7,4.0,4.3,6.0,6.7,6.0,7.5,8.2,10.5,12.2,21.6,25.1,25.4,5,5,0.3,5.6,11/20/2015,1H5,8H5,25.3,5,12,0.39,-,,
28041,BdTR5i_R1S,BdTR5i,Clone3,1,703,BVZ0049,SRE,NCRIS-2,3A3,9/24/2015,10/2/2015,10/9/2015,0.0,1.1,1.5,1.7,1.9,2.1,2.5,2.9,3.1,3.6,3.9,4.2,5.3,5.7,5.0,7.0,8.3,10.3,14.9,17.2,28.3,33.7,6,6,0.3,6.8,11/23/2015,1A6,8A6,39.2,6,16,0.66,-,,
28042,BdTR5a_R3S,BdTR5a,Clone3,3,695,BVZ0049,SRE,NCRIS-2,3A4,9/24/2015,10/2/2015,10/8/2015,0.0,0.0,1.1,1.4,1.7,1.9,2.3,2.6,3.0,3.5,3.8,4.0,5.1,5.5,5.5,6.6,7.9,10.1,14.6,17.2,30.4,35.5,4,6,0.3,7.7,11/27/2015,1B6,8B6,38.1,4,14,0.62,-,,
28043,GUL3-8_R1S,GUL3-8,HYB1,1,389,BVZ0049,SRE,NCRIS-2,3A5,9/24/2015,10/2/2015,10/7/2015,0.0,0.0,1.1,1.5,1.9,2.0,2.5,2.9,3.3,3.7,4.2,4.5,-,-,7.0,11.1,15.7,24.1,34.0,35.5,37.3,37.6,8,8,0.4,11.4,11/11/2015,1C6,8C6,37.2,8,23,1.28,-,,
28044,BdTR10n_R2S,BdTR10n,Clone6,2,740,BVZ0049,SRE,NCRIS-2,3B1,9/24/2015,10/2/2015,10/9/2015,0.0,1.0,1.4,1.5,1.9,2.0,2.4,2.7,3.1,3.6,3.9,4.2,5.4,5.9,5.3,7.5,8.5,10.3,14.3,16.9,38.5,41.4,4,7,0.4,6.5,11/25/2015,1D6,8D6,44.6,6,19,0.85,-,,
28045,BdTR2d_R2S,BdTR2d,Clone1,2,663,BVZ0049,SRE,NCRIS-2,3B2,9/24/2015,10/2/2015,10/7/2015,1.2,1.5,1.9,1.9,1.9,2.2,2.7,3.1,3.3,3.9,4.1,4.5,5.7,6.4,4.7,6.7,8.1,11.4,15.3,22.1,38.1,41.9,6,7,0.4,6.1,11/20/2015,1E6,8E6,41.3,8,19,0.81,-,,
28046,BdTR1j_R3S,BdTR1j,Clone1,3,656,BVZ0049,SRE,NCRIS-2,3B3,9/24/2015,10/2/2015,10/7/2015,1.1,1.5,1.8,1.9,2.1,2.4,3.0,3.3,3.7,4.2,4.5,4.9,6.2,6.6,5.0,7.5,8.4,11.8,16.3,22.7,37.4,40.2,7,9,0.4,5.9,11/25/2015,1F6,8F6,40.2,9,24,0.88,-,,
28047,BdTR3f_R3S,BdTR3f,Clone2,3,682,BVZ0049,SRE,NCRIS-2,3B4,9/24/2015,10/2/2015,10/7/2015,1.4,1.6,1.9,1.9,2.1,2.3,3.0,3.3,3.6,4.1,4.4,4.7,6.1,6.6,5.6,7.7,8.0,9.8,14.8,19.0,35.7,37.1,8,10,0.3,6.1,11/23/2015,1G6,8G6,41.6,10,21,1.06,-,,
28048,Bd21_R2S,Bd21,Bd21,2,4741,BVZ0049,SRE,NCRIS-2,3B5,9/24/2015,10/2/2015,10/9/2015,0.0,0.0,1.3,1.5,1.9,2.0,2.5,2.7,3.2,3.7,4.0,4.3,5.6,6.5,6.0,7.5,8.2,10.7,14.2,20.0,33.6,34.0,5,6,0.4,5.9,11/20/2015,1H6,8H6,33.5,6,14,0.66,-,,
28049,BdTR5g_R2S,BdTR5g,Clone3,2,701,BVZ0049,SRE,NCRIS-2,3C1,9/24/2015,10/2/2015,10/9/2015,0.0,0.0,1.2,1.5,1.9,1.9,2.3,2.6,2.9,3.3,3.5,3.9,5.1,5.6,5.0,6.4,7.6,8.3,13.8,17.2,27.9,33.1,5,7,0.3,7.3,11/27/2015,1A7,8A7,37.1,6,20,0.74,-,,
28050,BdTR13j_R2S,BdTR13j,Clone7,2,763,BVZ0049,SRE,NCRIS-2,3C2,9/24/2015,10/2/2015,10/7/2015,1.2,1.6,1.9,1.9,2.1,2.3,2.9,3.1,3.5,4.0,4.3,4.7,6.2,6.7,4.3,6.1,7.7,10.0,15.6,22.1,34.0,34.2,5,7,0.3,5.5,11/20/2015,1B7,8B7,32.4,6,19,0.621,-,,
28051,BdTR2b_R2S,BdTR2b,Clone1,2,661,BVZ0049,SRE,NCRIS-2,3C3,9/24/2015,10/2/2015,10/7/2015,1.1,1.4,1.7,1.9,2.1,2.3,2.9,2.9,3.2,3.6,4.0,4.4,6.7,7.2,4.6,6.1,8.0,9.4,13.4,21.8,35.0,39.5,7,10,0.4,5.7,11/20/2015,1C7,8C7,39.5,12,24,0.87,-,,
28052,BdTR13k_R2S,BdTR13k,Clone7,2,764,BVZ0049,SRE,NCRIS-2,3C4,9/24/2015,10/2/2015,10/7/2015,1.4,1.6,1.9,2.0,2.2,2.5,3.1,3.3,3.6,4.2,4.6,4.9,6.4,7.6,5.0,6.5,7.8,12.1,17.3,26.1,38.0,39.0,6,6,0.3,6.1,11/20/2015,1D7,8D7,38.3,6,22,0.84,-,,
28053,BdTR3k_R3S,BdTR3k,Clone2,3,687,BVZ0049,SRE,NCRIS-2,3C5,9/24/2015,10/2/2015,10/7/2015,1.1,1.4,1.8,1.9,2.2,2.4,3.1,3.3,3.3,4.2,4.5,4.9,6.2,6.7,4.4,6.2,9.3,9.2,13.1,21.3,29.1,33.8,7,11,0.3,5.9,11/25/2015,1E7,Sample Tube,37.2,12,24,0.98,-,,
28054,BdTR9b_R1S,BdTR9b,Clone4,1,718,BVZ0049,SRE,NCRIS-2,3D1,9/24/2015,10/2/2015,10/7/2015,0.0,1.2,1.6,1.9,2.0,2.3,2.7,3.1,3.1,3.9,4.1,4.5,5.7,6.2,6.3,7.6,8.0,12.2,15.7,20.2,30.7,37.3,6,13,0.3,6.0,12/4/2015,1F7,Sample Tube,59.1,11,17,1.16,-,,
28055,BdTR5m_R2S,BdTR5m,Clone3,2,706,BVZ0049,SRE,NCRIS-2,3D2,9/24/2015,10/2/2015,10/7/2015,0.0,1.0,1.3,1.6,1.9,2.1,2.6,2.7,3.1,3.5,3.9,4.1,5.3,5.7,4.7,6.5,9.3,10.0,13.4,16.0,30.4,34.7,4,7,0.3,5.8,11/27/2015,1G7,Sample Tube,37.4,7,20,0.77,-,,
28056,BdTR11g_R3S,BdTR11g,Clone6,3,748,BVZ0049,SRE,NCRIS-2,3D3,9/24/2015,10/2/2015,10/7/2015,0.0,1.1,1.5,1.9,1.9,2.1,2.5,2.9,3.1,3.7,4.0,4.3,5.6,6.0,4.8,8.0,9.5,11.5,14.8,17.7,36.1,40.5,6,8,0.4,7.3,11/27/2015,1H7,Sample Tube,52.6,7,16,1.02,-,,
28057,BdTR1n_R3S,BdTR1n,Clone1,3,659,BVZ0049,SRE,NCRIS-2,3D4,9/24/2015,10/2/2015,10/7/2015,0.0,1.1,1.4,1.7,2.0,2.3,2.8,3.1,3.3,3.9,4.1,4.5,5.7,6.3,4.9,5.8,7.8,10.5,15.2,21.0,40.5,42.4,7,10,0.3,6.1,11/25/2015,1A8,8A8,42.3,9,32,1.21,-,,
28058,BdTR9f_R2S,BdTR9f,Clone4,2,721,BVZ0049,SRE,NCRIS-2,4A1,9/24/2015,10/2/2015,10/7/2015,0.0,1.1,1.5,1.9,1.9,2.1,2.6,3.0,3.3,3.9,4.0,4.3,5.5,6.0,5.3,7.8,9.3,11.8,15.2,20.2,32.5,35.5,5,9,0.3,5.8,11/27/2015,1B8,8B8,45.7,7,17,0.8,-,,
28059,BdTR13a_R1S,BdTR13a,Clone7,1,754,BVZ0049,SRE,NCRIS-2,4A2,9/24/2015,10/2/2015,10/7/2015,1.1,1.4,1.7,1.9,2.0,2.2,2.7,3.1,3.4,3.9,4.2,4.6,6.1,6.7,4.1,6.8,8.0,10.5,15.0,20.1,31.7,32.4,5,6,0.3,6.1,11/23/2015,1C8,8C8,31.5,5,16,0.58,-,,
28060,BdTR2b_R3S,BdTR2b,Clone1,3,661,BVZ0049,SRE,NCRIS-2,4A3,9/24/2015,10/2/2015,10/7/2015,1.1,1.4,1.7,1.9,2.1,2.3,2.8,3.1,3.3,3.9,4.3,4.5,6.0,6.5,4.7,6.5,8.6,11.3,15.5,22.0,39.2,40.0,5,7,0.4,6.1,11/20/2015,1D8,8D8,39.6,9,21,0.77,-,,
28061,BdTR5n_R1S,BdTR5n,Clone3,1,707,BVZ0049,SRE,NCRIS-2,4A4,9/24/2015,10/2/2015,10/9/2015,0.0,0.0,1.1,1.5,1.9,2.0,2.4,2.8,2.9,3.4,3.7,4.0,5.1,5.6,4.7,6.3,8.0,10.0,13.5,16.3,30.0,35.0,4,6,0.3,7.3,11/27/2015,1E8,8E8,38.2,6,19,0.77,-,,
28062,BdTR11i_R3S,BdTR11i,Clone6,3,750,BVZ0049,SRE,NCRIS-2,4A5,9/24/2015,10/2/2015,10/9/2015,0.0,1.3,1.5,1.8,1.9,2.0,2.5,2.7,3.1,3.7,4.1,4.3,5.5,6.1,5.5,8.0,8.7,11.5,14.5,16.5,33.4,40.0,6,11,0.4,6.3,11/27/2015,1F8,8F8,64.1,10,16,12.7,-,,
28063,BdTR10b_R3S,BdTR10b,Clone5,3,729,BVZ0049,SRE,NCRIS-2,4B1,9/24/2015,10/2/2015,10/9/2015,1.2,1.6,1.9,1.9,2.1,2.4,2.9,3.1,3.4,3.9,4.1,4.4,5.5,6.2,5.3,7.2,8.7,10.9,14.7,18.0,32.2,36.4,7,8,0.3,6.3,11/20/2015,1G8,8G8,37.9,7,19,0.68,-,,
28064,BdTR5f_R2S,BdTR5f,Clone3,2,700,BVZ0049,SRE,NCRIS-2,4B2,9/24/2015,10/2/2015,10/9/2015,0.0,1.1,1.4,1.6,1.9,2.0,2.4,2.7,2.9,3.4,3.7,4.0,5.1,5.5,5.0,6.9,8.1,10.2,13.1,15.4,29.5,32.0,4,7,0.3,7.2,11/27/2015,1H8,8H8,35.1,6,19,0.68,-,,
28065,BdTR5c_R3S,BdTR5c,Clone3,3,697,BVZ0049,SRE,NCRIS-2,4B3,9/24/2015,10/2/2015,10/8/2015,0.0,1.1,1.5,1.8,1.9,2.1,2.5,2.7,3.1,3.6,3.9,4.1,5.2,5.7,4.8,7.3,8.8,11.7,15.4,19.4,34.2,39.6,4,7,0.3,7.3,11/25/2015,1A9,8A9,42.1,6,19,0.78,-,,
28066,BdTR3h_R1S,BdTR3h,Clone2,1,684,BVZ0049,SRE,NCRIS-2,4B4,9/24/2015,10/2/2015,10/9/2015,1.0,1.3,1.7,1.9,2.0,2.2,2.6,3.1,3.4,3.9,4.2,4.5,5.9,6.4,4.9,7.7,8.5,10.4,12.6,19.3,42.1,44.0,5,9,0.3,6.6,11/25/2015,1B9,8B9,43.6,8,18,0.96,-,,
28067,BdTR3j_R3S,BdTR3j,Clone2,3,686,BVZ0049,SRE,NCRIS-2,4B5,9/24/2015,10/2/2015,10/7/2015,1.1,1.3,1.9,1.9,2.0,2.3,2.8,3.2,3.5,3.9,4.2,4.5,5.7,6.3,4.0,6.5,8.0,10.5,13.2,19.2,41.3,44.2,5,9,0.3,6.6,11/25/2015,1C9,8C9,45.8,9,18,1.01,-,,
28068,BdTR5e_R3S,BdTR5e,Clone3,3,699,BVZ0049,SRE,NCRIS-2,4C1,9/24/2015,10/2/2015,10/9/2015,0.0,1.0,1.3,1.5,1.9,1.9,2.3,2.6,2.9,3.4,3.7,3.9,5.1,5.5,5.5,7.5,8.5,11.3,15.0,17.6,31.0,36.6,4,9,0.3,7.7,12/1/2015,1D9,8D9,43.7,6,17,0.78,-,,
28069,BdTR10n_R1S,BdTR10n,Clone6,1,740,BVZ0049,SRE,NCRIS-2,4C2,9/24/2015,10/2/2015,10/9/2015,0.0,1.2,1.5,1.8,1.9,2.1,2.5,2.9,3.1,3.7,4.0,4.3,5.5,6.3,5.5,7.9,10.0,12.6,15.2,17.0,34.5,40.1,6,7,0.4,7.0,11/27/2015,1E9,8E9,41.3,6,19,0.85,-,,
28070,BdTR10c_R3S,BdTR10c,Clone5,3,730,BVZ0049,SRE,NCRIS-2,4C3,9/24/2015,10/2/2015,10/9/2015,1.0,1.3,1.7,1.9,2.1,2.3,2.9,3.1,3.3,3.9,4.1,4.4,5.6,6.1,4.5,6.5,8.8,11.5,14.3,21.0,37.2,41.4,6,6,0.3,6.4,11/23/2015,1F9,8F9,40.5,6,16,0.65,-,,
28071,BdTR2h_R3S,BdTR2h,Clone1,3,667,BVZ0049,SRE,NCRIS-2,4C4,9/24/2015,10/2/2015,10/7/2015,0.0,1.1,1.4,1.6,1.9,2.1,2.7,3.0,3.2,3.9,4.1,4.3,5.6,6.2,5.3,6.1,8.0,11.0,14.9,19.9,40.8,43.2,6,8,0.4,6.1,11/23/2015,1G9,8G9,43.2,7,25,0.91,-,,
28072,BdTR2j_R2S,BdTR2j,Clone1,2,669,BVZ0049,SRE,NCRIS-2,4C5,9/24/2015,10/2/2015,10/7/2015,1.1,1.3,1.7,1.9,2.1,2.3,2.8,3.1,3.5,4.1,4.3,4.6,5.9,6.5,4.9,7.0,8.5,11.3,16.3,23.9,42.2,42.6,7,8,0.3,6.3,11/20/2015,1H9,8H9,42.5,7,28,1.03,-,,
28073,BdTR5j_R1S,BdTR5j,Clone3,1,704,BVZ0049,SRE,NCRIS-2,4D1,9/24/2015,10/2/2015,10/7/2015,0.0,1.1,1.5,1.8,1.9,2.1,2.5,2.9,3.1,3.5,3.7,4.0,5.1,5.5,5.1,7.5,9.5,11.8,15.1,18.0,34.8,39.5,4,7,0.3,8.0,11/25/2015,1A10,8A10,43.6,6,16,0.74,-,,
28074,BdTR11g_R2S,BdTR11g,Clone6,2,748,BVZ0049,SRE,NCRIS-2,4D2,9/24/2015,10/2/2015,10/8/2015,0.0,1.3,1.7,1.9,1.9,2.1,2.5,2.8,3.2,3.6,4.0,4.3,5.4,6.1,5.5,8.9,10.4,12.8,15.3,18.0,31.5,35.8,6,9,0.4,7.5,12/1/2015,1B10,8B10,59.6,6,18,1.05,-,,
28075,BdTR3t_R1S,BdTR3t,Clone2,1,694,BVZ0049,SRE,NCRIS-2,4D3,9/24/2015,10/2/2015,10/7/2015,1.1,1.4,1.9,1.9,2.1,2.3,2.9,3.2,3.5,4.1,4.3,4.6,6.0,6.5,5.5,8.1,9.1,11.4,14.6,22.5,46.0,37.5,7,11,0.3,6.9,11/23/2015,1C10,8C10,47.1,9,26,1.24,-,,
28076,BdTR5f_R1S,BdTR5f,Clone3,1,700,BVZ0049,SRE,NCRIS-2,4D4,9/24/2015,10/2/2015,10/9/2015,0.0,0.0,1.0,1.3,1.6,1.9,2.2,2.5,2.8,3.3,3.6,3.9,5.1,5.6,4.7,5.1,7.0,8.7,12.7,15.1,32.4,38.7,4,10,0.3,6.5,12/3/2015,1D10,8D10,41.1,7,22,0.88,-,,
28077,BdTR10e_R2S,BdTR10e,Clone5,2,732,BVZ0049,SRE,NCRIS-2,5A1,9/24/2015,10/2/2015,10/8/2015,1.3,1.6,1.9,1.9,2.1,2.4,2.9,3.2,3.6,4.0,4.3,4.6,5.7,6.3,5.5,7.2,8.0,10.8,13.6,17.6,37.0,40.0,6,7,0.3,6.1,11/23/2015,1E10,8E10,44.2,7,15,0.73,-,,
28078,BdTR10d_R1S,BdTR10d,Clone5,1,731,BVZ0049,SRE,NCRIS-2,5A2,9/24/2015,10/2/2015,10/7/2015,1.2,1.4,1.9,1.9,2.1,2.5,3.0,3.2,3.6,4.1,4.3,4.7,6.0,6.4,5.0,7.1,9.0,12.0,14.9,18.5,39.2,43.9,7,8,0.3,7.0,11/25/2015,1F10,8F10,46.6,7,19,1.01,-,,
28079,BdTR2n_R2S,BdTR2n,Clone1,2,672,BVZ0049,SRE,NCRIS-2,5A3,9/24/2015,10/2/2015,10/7/2015,1.1,1.3,1.5,1.8,2.0,2.3,2.7,3.1,3.4,3.9,4.2,4.5,5.7,6.3,5.3,6.6,8.0,11.1,15.8,21.9,38.0,41.6,7,7,0.3,6.0,11/23/2015,1G10,8G10,41.1,7,17,0.68,-,,
28080,BdTR3g_R2S,BdTR3g,Clone2,2,683,BVZ0049,SRE,NCRIS-2,5A4,9/24/2015,10/2/2015,10/7/2015,1.0,1.1,1.5,1.8,2.3,2.6,3.1,3.3,3.7,4.2,4.5,4.9,6.2,6.7,5.4,6.0,8.0,10.3,14.1,19.4,37.5,41.9,9,13,0.3,6.1,11/23/2015,1H10,8H10,42.3,11,8,1.06,-,,
28081,BdTR5d_R2S,BdTR5d,Clone3,2,698,BVZ0049,SRE,NCRIS-2,5A5,9/24/2015,10/2/2015,10/7/2015,0.0,1.1,1.4,1.7,1.9,2.2,2.7,2.9,3.1,3.7,3.9,4.2,5.3,5.7,4.9,6.3,8.7,11.0,14.5,17.0,28.5,35.0,6,7,0.2,6.8,12/1/2015,1A11,8A11,43.6,6,19,0.85,-,,
28082,Bd21_R12S,Bd21,Bd21,12,4741,BVZ0049,SRE,NCRIS-2,5B1,9/24/2015,10/2/2015,10/8/2015,0.0,0.0,1.3,1.6,1.9,2.2,2.7,3.0,3.3,3.9,4.1,4.4,5.6,6.4,5.2,6.0,7.3,9.5,12.2,17.3,24.1,24.4,5,6,0.3,5.3,11/20/2015,1B11,8B11,24.7,5,10,0.39,-,,
28083,BdTR10o_R3S,BdTR10o,Clone5,3,741,BVZ0049,SRE,NCRIS-2,5B2,9/24/2015,10/2/2015,10/7/2015,1.2,1.4,1.9,1.9,2.1,2.5,2.9,3.1,3.5,4.0,4.2,4.5,5.7,6.3,4.4,6.5,8.8,11.2,14.2,19.6,24.3,40.1,8,8,0.3,7.5,11/20/2015,1C11,8C11,43.2,7,17,0.79,-,,
28084,BdTR5b_R1S,BdTR5b,Clone3,1,696,BVZ0049,SRE,NCRIS-2,5B3,9/24/2015,10/2/2015,10/7/2015,0.0,0.0,1.2,1.5,1.9,1.9,2.3,2.6,2.9,3.3,3.7,3.9,5.1,5.5,5.0,6.7,8.0,10.6,14.1,16.9,32.3,42.6,4,7,0.3,7.4,12/3/2015,1D11,8D11,50.1,5,18,0.78,-,,
28085,BdTR2m_R2S,BdTR2m,Clone1,2,671,BVZ0049,SRE,NCRIS-2,5B4,9/24/2015,10/2/2015,10/7/2015,1.3,1.6,1.9,2.1,2.3,2.7,3.1,3.3,3.7,4.1,4.3,4.7,5.9,6.4,4.0,5.0,6.6,10.2,15.3,20.6,41.4,49.3,7,9,0.3,6.8,11/25/2015,1E11,8E11,51.8,8,24,1.03,-,,
28086,BdTR11i_R2S,BdTR11i,Clone6,2,750,BVZ0049,SRE,NCRIS-2,5B5,9/24/2015,10/2/2015,10/7/2015,1.0,1.3,1.6,1.9,1.9,2.2,2.9,3.1,3.3,3.9,4.2,4.5,5.7,6.3,6.3,9.5,10.0,12.9,15.0,17.2,41.2,48.5,7,9,0.4,7.4,11/25/2015,1F11,8F11,63.1,8,18,1.21,-,,
28087,BdTR10i_R1S,BdTR10i,Clone5,1,736,BVZ0049,SRE,NCRIS-2,5C1,9/24/2015,10/2/2015,10/7/2015,1.4,1.7,1.9,1.9,2.1,2.4,2.9,3.1,3.5,4.0,4.2,4.6,5.7,6.2,5.7,7.5,9.1,11.1,15.0,16.6,30.2,34.6,9,9,0.3,6.8,11/25/2015,1G11,8G11,46.8,6,18,0.94,-,,
28088,SLK7_R2S,SLK7,HYB1,2,548,BVZ0049,SRE,NCRIS-2,5C2,9/24/2015,10/2/2015,10/8/2015,0.0,0.0,1.3,1.6,1.9,2.2,2.6,2.9,3.3,4.2,4.5,4.9,-,-,7.2,11.2,16.4,28.9,38.5,40.0,40.2,40.5,5,5,0.3,9.0,11/11/2015,1H11,8H11,40.1,6,16,1.09,-,,
28089,BdTR9j_R3S,BdTR9j,Clone4,3,725,BVZ0049,SRE,NCRIS-2,5C3,9/24/2015,10/2/2015,10/7/2015,0.0,1.1,1.4,1.7,1.9,2.1,2.6,2.9,3.3,3.9,4.1,4.4,5.5,6.1,6.2,8.0,9.5,13.0,16.6,21.5,34.2,41.6,7,9,0.3,6.2,12/3/2015,1A12,8A12,76.2,8,26,1.34,-,,
28090,BdTR3t_R2S,BdTR3t,Clone2,2,694,BVZ0049,SRE,NCRIS-2,5C4,9/24/2015,10/2/2015,10/7/2015,1.0,1.3,1.6,1.9,2.1,2.3,2.9,3.2,3.5,4.0,4.3,4.6,5.8,6.4,5.3,6.7,8.3,10.7,13.2,17.8,33.5,40.5,7,9,0.3,6.2,11/25/2015,1B12,8B12,44.6,8,19,0.98,-,,
28091,BdTR5b_R2S,BdTR5b,Clone3,2,696,BVZ0049,SRE,NCRIS-2,5C5,9/24/2015,10/2/2015,10/7/2015,0.0,1.1,1.5,1.7,1.9,2.1,2.5,3.2,3.2,3.7,3.9,4.1,5.3,5.7,5.2,7.0,8.3,11.3,13.8,15.7,35.5,42.1,6,9,0.3,6.8,11/27/2015,1C12,8C12,45.2,7,20,0.84,-,,
28092,GWW10_R3S,GWW10,HYB1,3,397,BVZ0049,SRE,NCRIS-2,5D1,9/24/2015,10/2/2015,10/7/2015,0.0,0.0,1.3,1.6,1.9,2.1,2.7,2.9,3.3,3.9,4.3,4.6,-,-,6.7,10.0,14.7,13.3,30.0,33.1,33.5,33.0,7,6,0.4,11.1,11/11/2015,1D12,8D12,32.5,7,19,1.08,-,,
28093,BdTR11f_R1S,BdTR11f,Clone6,1,747,BVZ0049,SRE,NCRIS-2,5D2,9/24/2015,10/2/2015,10/7/2015,0.0,1.1,1.4,1.7,1.9,2.1,2.5,2.8,3.1,3.7,4.0,4.3,5.4,6.0,5.4,8.1,9.2,11.7,15.1,17.1,33.8,38.8,4,7,0.4,7.3,11/23/2015,1E12,8E12,64.6,6,14,0.95,-,,
28094,BdTR3s_R3S,BdTR3s,Clone2,3,693,BVZ0049,SRE,NCRIS-2,5D3,9/24/2015,10/2/2015,10/7/2015,1.2,1.3,1.7,1.9,2.1,2.3,2.9,3.3,3.6,4.1,4.3,4.7,6.1,6.4,5.0,6.7,8.0,10.3,14.0,18.0,33.6,36.1,7,12,0.3,6.2,11/25/2015,1F12,8F12,43.8,10,13,1,-,,
28095,BdTR10g_R1S,BdTR10g,Clone5,1,734,BVZ0049,SRE,NCRIS-2,5D4,9/24/2015,10/2/2015,10/7/2015,1.4,1.6,1.9,1.9,2.1,2.4,2.7,3.1,3.5,4.0,4.3,4.6,5.7,6.2,5.1,6.9,8.1,10.9,14.1,19.3,40.9,44.3,7,8,0.3,6.2,11/23/2015,1G12,8G12,46.7,8,22,0.97,-,,
28096,BdTR10f_R3S,BdTR10f,Clone4,3,733,BVZ0049,SRE,NCRIS-2,6A1,9/24/2015,10/2/2015,10/8/2015,1.3,1.5,1.9,1.9,2.2,2.5,3.0,3.2,3.6,4.0,4.2,4.5,5.9,6.2,5.5,7.0,8.4,10.9,13.8,21.0,31.1,34.6,6,7,0.3,6.3,11/23/2015,1H12,8H12,37.2,7,19,0.72,-,,
28097,BdTR11c_R2S,BdTR11c,Clone6,2,744,BVZ0049,SRE,NCRIS-2,6A2,9/24/2015,10/2/2015,10/7/2015,0.0,1.1,1.3,1.6,1.9,2.1,2.6,2.9,3.2,3.7,4.1,4.4,5.5,6.1,5.2,7.3,9.0,11.4,14.9,18.1,25.2,29.2,4,7,0.4,7.1,,2A1,9A1,59.9,7,15,1.02,-,,
28098,BdTR5h_R1S,BdTR5h,Clone3,1,702,BVZ0049,SRE,NCRIS-2,6A3,9/24/2015,10/2/2015,10/9/2015,0.0,1.0,1.3,1.6,1.9,2.1,2.4,2.7,3.1,3.6,3.9,4.1,5.3,5.7,5.5,7.2,8.0,10.5,14.3,18.0,31.5,39.3,4,8,0.3,6.6,12/1/2015,2B1,9B1,47.7,6,21,0.9,-,,
28099,BdTR2j_R1S,BdTR2j,Clone1,1,669,BVZ0049,SRE,NCRIS-2,6A4,9/24/2015,10/2/2015,10/7/2015,1.2,1.3,1.7,1.9,2.1,2.3,2.9,3.2,3.6,4.1,4.3,4.7,6.0,6.4,5.6,7.3,8.6,10.7,16.6,21.3,42.2,48.4,6,8,0.4,6.1,11/25/2015,2C1,9C1,50.5,9,27,1,-,,
28100,BdTR10a_R1S,BdTR10a,Clone5,1,728,BVZ0049,SRE,NCRIS-2,6A5,9/24/2015,10/2/2015,10/7/2015,1.3,1.6,1.9,1.9,2.1,2.4,3.0,3.3,3.7,3.5,4.3,4.6,5.8,6.2,6.0,7.9,8.5,10.9,13.6,18.9,40.4,44.1,7,9,0.3,6.0,11/25/2015,2D1,9D1,54.2,8,20,1.08,-,,
28101,BdTR2d_R1S,BdTR2d,Clone1,1,663,BVZ0049,SRE,NCRIS-2,6B1,9/24/2015,10/2/2015,10/7/2015,1.2,1.4,1.7,1.9,2.1,2.4,3.1,3.3,3.7,4.1,4.4,4.9,6.1,6.4,5.1,6.5,7.7,10.6,16.2,21.2,42.3,51.6,8,9,0.4,5.7,11/25/2015,2E1,9E1,52.4,8,22,0.94,-,,
28102,BdTR5f_R3S,BdTR5f,Clone3,3,700,BVZ0049,SRE,NCRIS-2,6B2,9/24/2015,10/2/2015,10/7/2015,0.0,1.1,1.4,1.7,1.9,2.1,2.5,2.9,3.1,4.2,3.8,4.1,5.1,5.7,4.7,6.8,8.4,10.4,14.6,18.1,33.9,41.4,4,6,0.3,7.3,11/25/2015,2F1,9F1,46.3,6,19,0.74,-,,
28103,BdTR1a_R3S,BdTR1a,Clone1,3,647,BVZ0049,SRE,NCRIS-2,6B3,9/24/2015,10/2/2015,10/7/2015,1.4,1.4,1.6,1.9,2.2,2.5,3.0,3.3,3.7,3.5,4.4,4.8,6.0,6.4,4.8,5.7,7.4,10.6,15.9,20.8,44.5,50.4,7,10,0.4,5.7,11/23/2015,2G1,9G1,56.9,10,29,1.15,-,,
28104,BdTR13k_R3S,BdTR13k,Clone7,3,764,BVZ0049,SRE,NCRIS-2,6B4,9/24/2015,10/2/2015,10/7/2015,1.1,1.3,1.7,1.9,2.2,2.6,3.1,3.3,3.7,3.9,4.5,4.9,6.2,6.7,4.4,6.2,8.5,11.5,16.0,23.3,44.9,48.4,6,6,0.3,5.5,11/20/2015,2H1,9H1,48.6,6,23,0.92,-,,
28105,BdTR5e_R1S,BdTR5e,Clone3,1,699,BVZ0049,SRE,NCRIS-2,6B5,9/24/2015,10/2/2015,10/8/2015,0.0,1.0,1.3,1.6,1.9,2.1,2.4,2.8,3.1,4.1,3.8,4.1,5.2,5.7,5.5,7.5,9.2,11.3,14.7,17.0,32.0,40.2,4,8,0.3,7.6,11/30/2015,2A2,9A2,45.5,6,20,0.84,-,,
28106,BdTR11d_R3S,BdTR11d,Clone6,3,745,BVZ0049,SRE,NCRIS-2,6C1,9/24/2015,10/2/2015,10/7/2015,0.0,1.3,1.5,1.9,1.9,2.2,2.6,3.1,3.3,3.9,4.1,4.4,5.6,6.3,5.4,8.0,9.2,12.2,14.9,18.6,37.0,46.4,6,9,0.4,7.0,11/23/2015,2B2,9B2,58,7,22,1.14,-,,
28107,BdTR13m_R3S,BdTR13m,Clone7,3,765,BVZ0049,SRE,NCRIS-2,6C2,9/24/2015,10/2/2015,10/7/2015,1.3,1.5,1.9,1.9,2.1,2.4,3.0,3.3,3.5,4.1,4.4,4.8,6.2,6.7,4.4,6.0,7.6,10.0,15.8,23.3,41.9,46.7,6,6,0.3,5.9,11/23/2015,2C2,9C2,48.2,6,19,0.83,-,,
28108,BdTR2r_R1S,BdTR2r,Clone1,1,675,BVZ0049,SRE,NCRIS-2,6C3,9/24/2015,10/2/2015,10/7/2015,1.2,1.4,1.7,2.0,2.2,2.5,3.1,3.4,3.7,4.2,4.5,4.9,6.1,6.5,4.6,5.8,7.1,10.0,16.2,22.5,42.2,48.7,7,9,0.3,5.3,11/25/2015,2D2,9D2,48.9,10,29,1.06,-,,
28109,BdTR3p_R2S,BdTR3p,Clone2,2,691,BVZ0049,SRE,NCRIS-2,6C4,9/24/2015,10/2/2015,10/7/2015,1.2,1.5,1.9,1.9,2.1,2.4,3.1,3.3,3.6,4.2,4.4,4.8,6.2,6.7,5.2,7.2,8.2,10.0,14.5,22.5,44.1,48.2,8,11,0.3,9.7,11/23/2015,2E2,9E2,51.3,9,17,1.08,-,,
28110,BdTR3b_R2S,BdTR3b,Clone2,2,678,BVZ0049,SRE,NCRIS-2,6C5,9/24/2015,10/2/2015,10/7/2015,1.4,1.6,1.9,2.0,2.2,2.5,3.2,3.4,3.7,4.3,4.5,5.1,6.3,6.7,6.5,8.0,8.7,11.5,14.6,19.0,36.5,41.9,10,11,0.3,6.4,11/25/2015,2F2,9F2,49.5,10,22,1.32,-,,
28111,BdTR13a_R3S,BdTR13a,Clone7,3,754,BVZ0049,SRE,NCRIS-2,6D1,9/24/2015,10/2/2015,10/8/2015,1.2,1.4,1.8,1.9,2.1,2.4,3.1,3.4,3.7,4.2,4.6,4.9,6.3,7.2,4.2,6.3,7.1,10.5,15.6,23.0,35.4,35.4,7,6,0.3,5.3,11/20/2015,2G2,9G2,35.2,6,19,0.76,-,,
28112,BdTR3b_R3S,BdTR3b,Clone2,3,678,BVZ0049,SRE,NCRIS-2,6D2,9/24/2015,10/2/2015,10/7/2015,0.0,1.5,1.9,1.9,2.1,2.4,3.1,3.3,3.6,4.1,4.4,4.7,6.1,6.6,5.5,7.0,8.0,10.2,14.2,21.1,39.5,41.1,9,12,0.3,6.5,11/23/2015,2H2,9H2,41.4,10,23,1.09,-,,
28113,BdTR10o_R2S,BdTR10o,Clone5,2,741,BVZ0049,SRE,NCRIS-2,6D3,9/24/2015,10/2/2015,10/7/2015,1.2,1.4,1.9,1.9,2.1,2.4,2.9,3.1,3.5,3.9,4.3,4.6,5.7,6.3,4.4,6.5,8.8,10.8,14.9,21.9,39.0,43.9,7,6,0.3,6.5,11/20/2015,2A3,9A3,47,7,17,0.84,-,,
28114,BdTR3f_R1S,BdTR3f,Clone2,1,682,BVZ0049,SRE,NCRIS-2,6D4,9/24/2015,10/2/2015,10/7/2015,1.3,1.5,1.9,2.1,2.3,2.6,3.1,3.3,3.6,4.2,4.5,4.9,6.3,6.7,5.1,6.5,8.5,10.8,14.7,20.1,41.1,44.6,7,10,0.3,6.5,11/23/2015,2B3,9B3,47.2,11,24,1.39,-,,
28115,BdTR5i_R2S,BdTR5i,Clone3,2,703,BVZ0049,SRE,NCRIS-2,7A2,9/24/2015,10/2/2015,10/8/2015,0.0,1.1,1.4,1.7,1.9,2.1,2.5,2.8,3.1,3.5,3.9,4.2,5.3,5.7,5.2,7.0,8.0,10.0,13.1,15.0,34.2,39.9,6,9,0.3,6.9,11/25/2015,2C3,9C3,45,7,19,0.86,-,,
28116,BdTR10b_R2S,BdTR10b,Clone5,2,729,BVZ0049,SRE,NCRIS-2,7A3,9/24/2015,10/2/2015,10/7/2015,1.0,1.3,1.8,1.9,2.1,2.4,2.9,3.1,3.5,3.9,4.2,4.5,5.7,6.2,4.4,6.5,8.7,11.3,15.2,23.1,39.4,44.0,7,7,0.2,6.4,11/20/2015,2D3,9D3,47.6,8,22,0.97,-,,
28117,BdTR9g_R1S,BdTR9g,Clone4,1,722,BVZ0049,SRE,NCRIS-2,7A4,9/24/2015,10/2/2015,10/7/2015,0.0,1.1,1.4,1.7,1.9,2.2,2.6,3.1,3.3,3.9,4.0,4.3,5.6,6.2,5.9,7.7,9.2,12.3,16.0,21.5,34.5,43.1,7,6,0.3,6.5,12/1/2015,2E3,9E3,66.5,9,13,1.02,-,,
28118,BdTR13f_R1S,BdTR13f,Clone7,1,759,BVZ0049,SRE,NCRIS-2,7A5,9/24/2015,10/2/2015,10/7/2015,1.3,1.5,1.9,1.9,2.1,2.3,2.9,3.2,3.6,4.2,4.5,4.9,6.3,7.3,4.5,6.3,7.8,10.4,15.4,25.0,36.4,38.5,6,10,0.3,5.5,11/20/2015,2F3,9F3,37.8,6,21,0.83,-,,
28119,BdTR3d_R3S,BdTR3d,Clone2,3,680,BVZ0049,SRE,NCRIS-2,7B1,9/24/2015,10/2/2015,10/7/2015,1.2,1.5,1.9,1.9,2.1,2.4,2.9,3.3,3.6,4.1,4.4,4.7,6.1,6.5,5.1,0.8,7.7,9.8,13.7,18.3,30.1,34.0,8,6,0.3,5.9,11/23/2015,2G3,9G3,39.4,7,15,0.85,-,,
28120,BdTR13f_R3S,BdTR13f,Clone7,3,759,BVZ0049,SRE,NCRIS-2,7B2,9/24/2015,10/2/2015,10/8/2015,0.0,1.3,1.7,1.9,2.0,2.3,2.9,3.1,3.4,4.0,4.3,4.8,6.2,7.0,4.4,6.5,8.3,10.5,16.2,26.4,42.1,40.0,5,9,0.3,6.3,11/20/2015,2H3,9H3,39.6,5,17,0.61,-,,
28121,BdTR1g_R1S,BdTR1g,Clone1,1,653,BVZ0049,SRE,NCRIS-2,7B3,9/24/2015,10/2/2015,10/7/2015,1.2,1.5,1.9,1.9,2.1,2.4,3.0,3.3,3.7,4.1,4.4,4.8,6.1,6.5,5.2,7.0,8.0,10.5,15.8,23.8,44.6,50.9,8,7,0.4,6.3,11/20/2015,2A4,9A4,51.2,10,30,1.28,-,,
28122,BdTR2p_R1S,BdTR2p,Clone1,1,674,BVZ0049,SRE,NCRIS-2,7B4,9/24/2015,10/2/2015,10/7/2015,0.0,1.2,1.5,1.8,2.0,2.2,2.7,3.1,3.4,3.9,4.2,4.5,5.7,6.4,5.5,6.7,8.1,11.8,16.5,23.0,44.9,50.2,7,9,0.4,5.8,11/23/2015,2B4,9B4,49.8,8,24,1.02,-,,
28123,BdTR2k_R1S,BdTR2k,Clone1,1,670,BVZ0049,SRE,NCRIS-2,7B5,9/24/2015,10/2/2015,10/7/2015,1.1,1.4,1.7,1.9,2.0,2.3,2.9,3.1,3.5,3.9,4.2,4.6,5.9,6.3,4.9,6.5,8.8,10.6,15.0,20.0,41.4,49.3,9,4,0.4,6.0,11/25/2015,2C4,9C4,61.5,10,23,1.1,-,,
28124,BdTR13i_R3S,BdTR13i,Clone7,3,762,BVZ0049,SRE,NCRIS-2,7C1,9/24/2015,10/2/2015,10/9/2015,1.1,1.4,1.7,1.9,2.1,2.3,2.9,3.1,3.5,4.0,4.3,4.7,6.3,7.3,4.1,6.0,7.3,10.2,15.8,23.8,36.4,36.4,5,8,0.3,5.7,11/20/2015,2D4,9D4,35.9,4,14,0.63,-,,
28125,BdTR3h_R2S,BdTR3h,Clone2,2,684,BVZ0049,SRE,NCRIS-2,7C2,9/24/2015,10/2/2015,10/8/2015,1.2,1.5,1.9,1.9,2.1,2.3,2.8,3.3,3.7,4.2,4.5,4.9,6.3,7.0,6.0,8.0,9.0,11.4,15.4,23.5,37.6,42.2,7,5,0.4,6.5,11/20/2015,2E4,9E4,42.7,8,23,1.09,-,,
28126,BdTR13b_R1S,BdTR13b,Clone7,1,755,BVZ0049,SRE,NCRIS-2,7C3,9/24/2015,10/2/2015,10/7/2015,1.4,1.6,1.9,1.9,2.2,2.4,3.0,3.2,3.7,4.2,4.5,4.9,6.2,6.7,4.8,6.1,7.6,11.0,16.4,24.9,46.1,50.4,5,7,0.3,6.0,11/20/2015,2F4,9F4,50.5,6,19,0.86,-,,
28127,BdTR5j_R2S,BdTR5j,Clone3,2,704,BVZ0049,SRE,NCRIS-2,7C4,9/24/2015,10/2/2015,10/7/2015,0.0,1.1,1.5,1.8,1.9,2.1,2.5,2.7,3.2,3.6,3.9,4.1,5.3,6.7,4.7,6.9,8.0,10.3,13.6,19.1,37.2,44.4,3,7,0.3,7.1,11/25/2015,2G4,9G4,46.1,6,24,0.96,-,,
28128,GUL1-2_R3S,GUL1-2,HYB1,3,367,BVZ0049,SRE,NCRIS-2,7C5,9/24/2015,10/2/2015,10/7/2015,0.0,0.0,1.2,1.6,1.9,2.3,2.6,2.7,3.3,4.0,4.4,4.8,-,-,6.6,10.4,16.3,24.9,38.6,40.0,44.2,44.5,7,5,0.4,11.3,11/11/2015,2H4,9H4,44.2,7,20,1.34,-,,
28129,BdTR9m_R3S,BdTR9m,Clone4,3,727,BVZ0049,SRE,NCRIS-2,7D1,9/24/2015,10/2/2015,10/9/2015,0.0,1.1,1.5,1.9,1.9,2.1,2.5,3.1,3.3,3.9,4.1,4.4,5.6,6.1,4.8,7.2,9.0,11.6,15.4,19.7,33.1,38.4,7,10,0.3,6.3,12/3/2015,2A5,9A5,51.2,12,22,1.37,-,,
28130,BLA1_R1S,BLA1,HYB1,1,252,BVZ0049,SRE,NCRIS-2,7D2,9/24/2015,10/2/2015,10/9/2015,0.0,0.0,1.1,1.3,1.7,1.9,2.3,2.7,3.0,3.5,4.1,4.4,-,-,6.6,9.4,15.0,23.6,37.4,40.0,42.6,42.6,6,8,0.4,11.8,11/11/2015,2B5,9B5,42.3,8,24,1.49,-,,
28131,BdTR11g_R1S,BdTR11g,Clone6,1,748,BVZ0049,SRE,NCRIS-2,7D3,9/24/2015,10/2/2015,10/7/2015,0.0,1.3,1.6,1.9,1.9,2.1,2.5,3.1,3.3,3.9,4.1,4.4,5.6,6.3,5.2,7.8,8.8,11.9,14.6,18.9,44.2,50.6,6,6,0.4,6.5,11/23/2015,2C5,9C5,51,7,20,1.01,-,,
28132,BdTR11f_R2S,BdTR11f,Clone6,2,747,BVZ0049,SRE,NCRIS-2,7D4,9/24/2015,10/2/2015,10/7/2015,0.0,1.2,1.6,1.9,1.9,2.1,2.4,2.7,3.2,3.7,4.0,4.3,5.5,6.2,5.6,8.9,9.6,12.4,14.6,18.5,41.3,48.7,5,6,0.4,7.3,11/23/2015,2D5,9D5,51.7,7,21,1.08,-,,
28133,BdTR2j_R3S,BdTR2j,Clone1,3,669,BVZ0049,SRE,NCRIS-2,8A1,9/24/2015,10/2/2015,10/7/2015,1.1,1.3,1.7,1.9,2.0,2.3,2.8,3.1,3.5,4.1,4.3,4.6,5.9,6.4,4.8,6.5,7.5,10.1,14.8,20.7,33.5,36.7,7,7,0.4,5.8,11/23/2015,2E5,9E5,36.4,8,23,0.87,-,,
28134,BdTR3n_R2S,BdTR3n,Clone2,2,689,BVZ0049,SRE,NCRIS-2,8A2,9/24/2015,10/2/2015,10/7/2015,1.0,1.2,1.7,1.9,2.0,2.3,2.8,3.2,3.5,4.0,4.2,4.6,5.9,6.4,5.0,7.0,8.3,10.3,13.3,18.1,38.6,43.4,6,12,0.3,6.5,11/23/2015,2F5,9F5,45.5,10,34,1.15,-,,
28135,GUL1-2_R2S,GUL1-2,HYB1,2,367,BVZ0049,SRE,NCRIS-2,8A3,9/24/2015,10/2/2015,10/9/2015,0.0,0.0,1.1,1.4,1.9,2.0,2.5,2.9,3.3,3.9,3.9,3.9,-,-,6.5,9.6,14.5,24.8,29.7,34.4,34.7,35.2,7,10,0.4,8.4,11/11/2015,2G5,9G5,34.7,6,16,1,-,,
28136,ELI10_R1S,ELI10,HYB1,1,349,BVZ0049,SRE,NCRIS-2,8A4,9/24/2015,10/2/2015,10/9/2015,0.0,0.0,1.2,1.6,1.9,2.2,2.7,3.2,3.4,4.2,4.4,4.7,-,-,6.4,9.9,15.6,25.5,37.8,42.0,45.3,45.3,7,8,0.4,10.2,11/11/2015,2H5,9H5,45.7,8,16,1.18,-,,
28137,GUL3-8_R3S,GUL3-8,HYB1,3,389,BVZ0049,SRE,NCRIS-2,8A5,9/24/2015,10/2/2015,10/8/2015,0.0,0.0,1.1,1.4,1.9,2.0,2.5,2.9,3.3,3.9,4.3,4.6,-,-,6.9,10.3,14.5,25.3,38.4,43.0,47.6,48.0,6,7,0.4,10.5,11/11/2015,2A6,9A6,47.9,7,17,1.32,-,,
28138,BdTR2g_R3S,BdTR2g,Clone1,3,666,BVZ0049,SRE,NCRIS-2,8B1,9/24/2015,10/2/2015,10/7/2015,1.1,1.3,1.7,1.9,2.1,2.2,2.7,3.1,3.5,4.0,4.2,4.6,6.1,6.5,5.1,7.0,7.8,11.1,15.9,22.5,41.3,46.3,7,9,0.4,6.1,11/20/2015,2B6,9B6,47,10,28,1.08,-,,
28139,BdTR9k_R1S,BdTR9k,Clone4,1,726,BVZ0049,SRE,NCRIS-2,8B2,9/24/2015,10/2/2015,10/7/2015,1.1,1.4,1.9,1.9,2.1,2.3,2.9,3.1,3.5,4.0,4.3,4.6,5.8,6.4,6.6,7.6,9.5,11.8,16.3,21.1,38.8,43.4,9,11,0.3,6.0,11/25/2015,2C6,9C6,50.1,10,22,1.04,-,,
28140,BdTR2h_R2S,BdTR2h,Clone1,2,667,BVZ0049,SRE,NCRIS-2,8B3,9/24/2015,10/2/2015,10/7/2015,1.0,1.1,1.4,1.7,1.9,2.1,2.5,3.0,3.3,3.9,4.1,4.5,5.7,6.4,4.7,6.7,7.0,10.1,14.8,20.2,37.0,40.6,6,7,0.3,5.0,11/23/2015,2D6,9D6,40.6,7,21,0.82,-,,
28141,BdTR11i_R1S,BdTR11i,Clone6,1,750,BVZ0049,SRE,NCRIS-2,8B4,9/24/2015,10/2/2015,10/7/2015,0.0,1.2,1.6,1.9,1.9,2.1,2.5,3.1,3.3,3.9,4.2,4.5,5.7,6.3,5.9,9.0,9.5,12.4,15.8,18.9,37.2,44.2,7,11,0.4,7.0,11/30/2015,2E6,9E6,47.8,9,27,1.48,-,,
28142,BdTR13m_R1S,BdTR13m,Clone7,1,765,BVZ0049,SRE,NCRIS-2,8B5,9/24/2015,10/2/2015,10/7/2015,1.2,1.5,1.9,1.9,2.1,2.5,3.1,3.3,3.7,4.2,4.5,4.9,6.3,6.7,4.8,7.0,8.7,11.7,16.4,24.6,42.6,44.8,6,5,0.3,6.2,11/20/2015,2F6,9F6,47.5,6,17,0.83,-,,
28143,BdTR2m_R3S,BdTR2m,Clone1,3,671,BVZ0049,SRE,NCRIS-2,8C1,9/24/2015,10/2/2015,10/7/2015,1.2,1.3,1.6,1.9,2.0,2.3,2.7,3.1,3.7,4.0,4.3,4.6,6.0,6.5,5.1,6.7,7.8,10.4,15.5,22.3,38.1,41.7,8,7,0.4,6.0,11/20/2015,2G6,9G6,41.3,8,23,0.91,-,,
28144,BdTR3j_R2S,BdTR3j,Clone2,2,686,BVZ0049,SRE,NCRIS-2,8C2,9/24/2015,10/2/2015,10/7/2015,1.3,1.5,1.9,1.9,2.1,2.4,3.1,3.3,3.6,4.1,4.4,4.7,6.0,6.4,5.1,7.1,8.1,10.2,14.5,17.5,40.4,45.6,8,12,0.3,6.8,11/25/2015,2H6,9H6,48,10,24,1.36,-,,
28145,BdTR13j_R1S,BdTR13j,Clone7,1,763,BVZ0049,SRE,NCRIS-2,8C3,9/24/2015,10/2/2015,10/7/2015,1.4,1.6,1.9,1.9,2.2,2.5,3.1,3.3,3.7,4.2,4.5,5.0,6.3,7.0,4.9,6.4,8.2,12.0,16.6,27.9,44.3,48.6,5,5,0.3,6.0,11/20/2015,2A7,9A7,49.9,6,22,0.8,-,,
28146,Bd21_R13S,Bd21,Bd21,13,4741,BVZ0049,SRE,NCRIS-2,8C4,9/24/2015,10/2/2015,10/7/2015,0.0,1.1,1.4,1.6,1.9,2.1,2.4,2.9,3.3,3.8,4.1,4.3,5.7,6.4,5.5,6.7,7.8,10.5,13.4,19.0,38.0,38.0,6,7,0.4,7.0,11/20/2015,2B7,9B7,37.7,7,19,0.69,-,,
28147,BdTR3t_R3S,BdTR3t,Clone2,3,694,BVZ0049,SRE,NCRIS-2,8C5,9/24/2015,10/2/2015,10/7/2015,1.3,1.5,1.9,2.0,2.2,2.5,3.1,3.3,3.6,4.2,4.5,4.9,6.3,6.7,5.4,7.2,8.2,11.2,14.5,23.0,47.5,49.2,9,9,0.3,6.4,11/23/2015,2C7,9C7,49,9,23,1.14,-,,
28148,BdTR10b_R1S,BdTR10b,Clone5,1,729,BVZ0049,SRE,NCRIS-2,8D1,9/24/2015,10/2/2015,10/7/2015,1.4,1.6,1.9,1.9,2.1,2.4,2.9,3.1,3.5,4.1,4.3,4.6,5.7,6.4,5.3,7.1,8.5,10.9,14.2,19.6,35.7,40.6,7,7,0.3,6.8,11/23/2015,2D7,9D7,41.1,8,22,0.9,-,,
28149,BdTR5m_R3S,BdTR5m,Clone3,3,706,BVZ0049,SRE,NCRIS-2,8D2,9/24/2015,10/2/2015,10/7/2015,0.0,0.0,1.3,1.6,1.9,2.0,2.4,2.7,3.0,3.5,3.8,4.1,5.3,5.7,4.9,6.7,8.2,10.5,13.7,17.4,32.0,38.1,4,8,0.3,7.0,11/25/2015,2E7,9E7,40.7,7,22,0.87,-,,
28150,BdTR13k_R1S,BdTR13k,Clone7,1,764,BVZ0049,SRE,NCRIS-2,8D3,9/24/2015,10/2/2015,10/7/2015,1.2,1.3,1.9,1.9,1.9,2.5,3.1,3.3,3.7,4.1,4.5,4.9,6.3,7.0,4.1,6.0,7.8,11.2,15.8,25.4,46.4,50.5,7,5,0.3,5.9,11/20/2015,2F7,9F7,51.3,6,21,0.77,-,,
28151,BdTR10h_R1S,BdTR10h,Clone5,1,735,BVZ0049,SRE,NCRIS-2,8D4,9/24/2015,10/2/2015,10/7/2015,1.3,1.4,1.9,1.9,2.0,2.3,2.8,3.1,3.3,3.9,4.1,4.4,5.7,6.2,4.3,6.8,8.3,11.2,13.7,20.6,40.5,46.6,7,7,0.3,6.5,11/23/2015,2G7,9G7,47.4,7,20,0.92,-,,
28152,BdTR9j_R1S,BdTR9j,Clone4,1,725,BVZ0049,SRE,NCRIS-2,9A1,9/24/2015,10/2/2015,10/8/2015,0.0,1.2,1.6,1.9,1.9,2.1,2.6,2.9,3.3,3.9,4.1,4.3,5.5,6.0,6.9,9.0,10.6,14.3,18.2,24.7,27.9,46.1,7,,0.3,7.1,12/1/2015,Sample Tube,Sample Tube,48.1,10,6,0.54,-,,
28153,BdTR10a_R3S,BdTR10a,Clone5,3,728,BVZ0049,SRE,NCRIS-2,9A2,9/24/2015,10/2/2015,10/7/2015,1.1,1.4,1.9,1.9,1.9,2.3,2.9,3.1,3.4,3.9,4.1,4.4,5.5,6.0,4.7,7.0,8.7,11.8,15.4,21.2,43.3,49.9,6,10,0.3,6.8,11/25/2015,2A8,9A8,51.4,9,21,0.9,-,,
28154,BdTR1n_R2S,BdTR1n,Clone1,2,659,BVZ0049,SRE,NCRIS-2,9A3,9/24/2015,10/2/2015,10/7/2015,1.0,1.3,1.7,1.9,2.0,2.2,2.7,2.9,3.3,3.9,4.1,4.3,5.6,6.2,4.6,7.1,8.8,11.7,16.0,20.0,39.6,47.8,7,8,0.3,6.6,11/25/2015,2B8,9B8,49.9,8,24,1.03,-,,
28155,BdTR2g_R2S,BdTR2g,Clone1,2,666,BVZ0049,SRE,NCRIS-2,9A4,9/24/2015,10/2/2015,10/7/2015,0.0,1.3,1.6,1.9,2.0,2.2,2.7,3.1,3.5,3.9,4.3,4.5,5.7,6.3,4.5,6.6,7.8,11.2,15.6,21.7,41.2,47.1,6,8,0.3,6.1,11/25/2015,2C8,9C8,47,8,23,0.9,-,,
28156,BdTR2m_R1S,BdTR2m,Clone1,1,671,BVZ0049,SRE,NCRIS-2,9A5,9/24/2015,10/2/2015,10/9/2015,0.0,1.1,1.3,1.6,1.9,2.1,2.5,2.9,3.2,3.7,4.0,4.3,5.7,6.4,5.1,6.3,8.1,10.8,15.4,24.5,39.0,39.7,6,7,0.3,5.9,11/20/2015,2D8,9D8,39.8,8,22,0.8,-,,
28157,BdTR3n_R3S,BdTR3n,Clone2,3,689,BVZ0049,SRE,NCRIS-2,9B1,9/24/2015,10/2/2015,10/8/2015,0.0,1.2,1.7,1.9,2.0,2.2,2.6,3.1,3.3,3.9,4.1,4.3,5.6,6.2,5.5,8.5,10.0,12.8,15.3,18.9,31.5,39.4,6,11,0.3,7.0,11/30/2015,2E8,9E8,43.3,9,20,0.95,-,,
28158,BdTR1k_R2S,BdTR1k,Clone1,2,657,BVZ0049,SRE,NCRIS-2,9B2,9/24/2015,10/2/2015,10/8/2015,0.0,1.1,1.5,1.7,1.9,2.1,2.5,2.9,3.1,3.6,3.9,4.3,5.7,6.0,5.3,6.9,9.1,12.0,14.5,21.5,40.0,42.1,4,5,0.4,6.3,11/23/2015,2F8,9F8,41.7,6,17,0.58,-,,
28159,BdTR10n_R3S,BdTR10n,Clone6,3,740,BVZ0049,SRE,NCRIS-2,9B3,9/24/2015,10/2/2015,10/9/2015,0.0,1.1,1.5,1.7,1.9,2.1,2.4,2.7,3.1,3.6,3.9,4.2,5.4,6.0,5.0,8.3,10.1,12.6,15.4,19.3,39.1,47.3,5,7,0.4,7.3,11/27/2015,2G8,9G8,59.7,6,22,1.08,-,,
28160,BdTR11c_R1S,BdTR11c,Clone6,1,744,BVZ0049,SRE,NCRIS-2,9B4,9/24/2015,10/2/2015,10/8/2015,0.0,1.1,1.5,1.9,1.9,2.1,2.5,2.9,3.1,3.6,3.9,4.2,5.5,6.0,4.5,7.0,8.8,11.8,14.2,17.7,38.1,38.1,5,8,0.4,7.8,11/23/2015,2H8,9H8,56.3,7,23,1,-,,
28161,BdTR10g_R2S,BdTR10g,Clone5,2,734,BVZ0049,SRE,NCRIS-2,9B5,9/24/2015,10/2/2015,10/9/2015,1.1,1.3,1.8,1.9,1.9,2.2,2.7,3.1,3.3,3.9,4.1,4.4,5.5,6.1,4.5,7.3,8.7,12.1,15.2,21.5,35.7,37.1,6,9,0.3,6.5,11/27/2015,2A9,9A9,41.2,8,23,1.01,-,,
28162,BdTR11c_R3S,BdTR11c,Clone6,3,744,BVZ0049,SRE,NCRIS-2,9C1,9/24/2015,10/2/2015,10/9/2015,0.0,0.0,1.2,1.5,1.8,2.2,2.3,2.7,3.0,3.5,3.9,4.1,5.3,5.6,6.0,8.3,8.8,11.5,15.0,17.4,32.0,40.2,4,9,0.4,6.5,12/1/2015,2B9,9B9,56.7,6,15,0.92,-,,
28163,BdTR10c_R2S,BdTR10c,Clone5,2,730,BVZ0049,SRE,NCRIS-2,9C2,9/24/2015,10/2/2015,10/9/2015,0.0,1.3,1.7,1.9,1.9,2.1,2.3,3.1,3.3,3.8,4.0,4.2,5.5,6.0,4.0,7.1,8.7,10.6,14.0,20.3,36.0,40.5,6,8,0.3,6.3,11/23/2015,2C9,9C9,41.9,7,15,0.75,-,,
28164,BdTR3j_R1S,BdTR3j,Clone2,1,686,BVZ0049,SRE,NCRIS-2,9C3,9/24/2015,10/2/2015,10/9/2015,1.0,1.3,1.7,1.9,2.0,2.2,2.7,2.9,3.4,3.9,4.2,4.5,5.8,6.4,5.2,6.3,8.8,10.8,13.0,18.2,37.9,40.0,7,8,0.3,6.6,11/23/2015,2D9,9D9,42.4,7,23,1.03,-,,
28165,ELI1_R1S,ELI1,HYB1,1,342,BVZ0049,SRE,NCRIS-2,9C4,9/24/2015,10/2/2015,10/9/2015,0.0,0.0,1.1,1.4,1.8,1.9,2.3,2.7,3.2,3.6,4.3,4.5,-,-,7.2,10.4,15.8,23.8,32.3,35.5,36.8,36.4,7,9,0.5,11.1,11/11/2015,2E9,9E9,36.2,9,21,1.25,-,,
28166,BdTR3e_R3S,BdTR3e,Clone2,3,681,BVZ0049,SRE,NCRIS-2,9C5,9/24/2015,10/2/2015,10/9/2015,0.0,1.2,1.6,1.9,2.0,2.3,2.8,3.2,3.5,4.0,4.3,4.5,5.8,6.4,5.6,6.9,9.0,10.6,13.1,15.5,34.0,35.0,5,11,0.3,5.5,11/25/2015,2F9,9F9,38.8,8,19,1.05,-,,
28167,Bd21_R7S,Bd21,Bd21,7,4741,BVZ0049,SRE,NCRIS-2,9D1,9/24/2015,10/2/2015,10/7/2015,0.0,1.0,1.4,1.6,1.9,2.0,2.3,2.6,3.1,3.6,3.9,4.2,5.5,6.5,5.5,7.9,8.3,10.5,13.5,19.0,25.9,25.9,5,5,0.3,5.5,11/20/2015,2G9,9G9,25.9,6,13,0.48,-,,
28168,BdTR13m_R2S,BdTR13m,Clone7,2,765,BVZ0049,SRE,NCRIS-2,9D2,9/24/2015,10/2/2015,10/8/2015,1.3,1.4,1.9,1.9,2.1,2.3,2.9,3.2,3.5,4.0,4.4,4.7,6.2,6.7,4.5,6.5,8.4,11.0,16.2,22.7,35.9,37.5,5,5,0.3,6.4,11/20/2015,2H9,9H9,36.8,5,17,0.62,-,,
28169,BdTR13j_R3S,BdTR13j,Clone7,3,763,BVZ0049,SRE,NCRIS-2,9D3,9/24/2015,10/2/2015,10/7/2015,1.1,1.3,1.8,1.9,2.1,2.3,2.9,3.1,3.5,4.0,4.3,4.6,6.1,6.7,4.5,6.6,8.4,10.5,15.2,21.7,36.2,36.7,4,6,0.3,6.1,11/23/2015,2A10,9A10,36.3,5,19,0.7,-,,
28170,BdTR3h_R3S,BdTR3h,Clone2,3,684,BVZ0049,SRE,NCRIS-2,9D4,9/24/2015,10/2/2015,10/8/2015,1.2,1.4,1.9,1.7,2.1,2.3,2.8,3.3,3.6,4.1,4.3,4.7,6.0,6.5,4.8,7.2,8.5,11.0,14.3,19.8,33.5,37.1,8,11,0.3,7.1,11/23/2015,2B10,9B10,39.4,10,24,1.13,-,,
28171,BdTR9a_R1S,BdTR9a,Clone4,1,717,BVZ0049,SRE,NCRIS-2,10A1,9/24/2015,10/2/2015,10/7/2015,0.0,1.1,1.5,1.8,1.9,2.1,2.5,2.7,3.2,3.8,3.9,4.3,5.5,6.1,5.4,8.1,9.3,12.0,16.1,22.0,34.5,39.1,6,10,0.3,6.6,12/1/2015,2C10,9C10,63.7,10,20,1.22,-,,
28172,BdTR3p_R1S,BdTR3p,Clone2,1,691,BVZ0049,SRE,NCRIS-2,10A2,9/24/2015,10/2/2015,10/7/2015,0.0,1.3,1.7,1.8,2.1,2.3,2.8,3.2,3.4,4.0,4.2,4.5,5.7,6.3,4.0,5.8,7.5,9.4,11.5,14.9,29.3,36.4,7,12,0.3,6.1,12/3/2015,2D10,9D10,43,11,19,1.04,-,,
28173,BdTR9a_R2S,BdTR9a,Clone4,2,717,BVZ0049,SRE,NCRIS-2,10A3,9/24/2015,10/2/2015,10/7/2015,1.0,1.3,1.6,1.9,1.9,2.2,2.5,3.1,3.3,3.9,4.1,4.4,5.6,6.1,6.2,8.6,9.3,12.4,16.9,23.4,38.0,2.4,8,9,0.4,6.3,11/25/2015,2E10,9E10,49.4,11,32,1.24,-,,
28174,BRO1-1_R1S,BRO1-1,HYB1,1,278,BVZ0049,SRE,NCRIS-2,10A4,9/24/2015,10/2/2015,10/7/2015,0.0,0.0,1.2,1.5,1.9,2.1,2.5,2.8,3.2,3.8,4.3,4.4,-,-,8.6,12.0,17.0,24.6,34.9,44.0,46.7,46.5,9,6,0.5,13.1,11/12/2015,2F10,9F10,46.3,8,17,1.44,-,,
28175,BdTR1h_R2S,BdTR1h,Clone1,2,654,BVZ0049,SRE,NCRIS-2,10A5,9/24/2015,10/2/2015,10/8/2015,0.0,1.1,1.5,1.8,1.9,2.1,2.5,2.9,3.3,3.9,4.1,4.5,5.7,6.4,5.3,8.7,8.0,11.0,15.8,22.6,38.5,39.5,7,9,0.3,6.0,11/20/2015,2G10,9G10,39.1,10,24,0.96,-,,
28176,BdTR2p_R3S,BdTR2p,Clone1,3,674,BVZ0049,SRE,NCRIS-2,10B1,9/24/2015,10/2/2015,10/7/2015,1.1,1.3,1.7,1.9,1.9,2.1,2.6,3.1,3.3,3.9,4.1,4.4,5.7,6.4,4.7,8.0,8.5,11.0,14.6,20.4,36.3,38.2,7,9,0.4,6.3,11/20/2015,2H10,9H10,37.5,11,27,0.96,-,,
28177,BdTR10a_R2S,BdTR10a,Clone5,2,728,BVZ0049,SRE,NCRIS-2,10B2,9/24/2015,10/2/2015,10/7/2015,1.2,1.5,1.9,1.9,2.2,2.5,2.9,3.1,3.5,4.0,4.3,4.6,5.9,6.3,4.7,6.8,9.0,11.2,14.1,20.2,32.5,37.5,7,8,0.3,6.6,11/23/2015,2A11,9A11,38.7,7,17,0.78,-,,
28178,BdTR1g_R3S,BdTR1g,Clone1,3,653,BVZ0049,SRE,NCRIS-2,10B3,9/24/2015,10/2/2015,10/7/2015,0.0,1.2,1.5,1.8,1.9,2.2,2.6,2.9,3.0,3.0,3.1,3.4,5.1,5.7,6.3,6.5,7.5,9.3,15.2,22.4,38.1,39.7,6,7,0.3,4.8,11/23/2015,2B11,9B11,39.4,8,20,0.74,-,,
28179,BdTR13g_R3S,BdTR13g,Clone7,3,760,BVZ0049,SRE,NCRIS-2,10B4,9/24/2015,10/2/2015,10/9/2015,1.0,1.3,1.6,1.9,2.0,2.3,2.7,3.1,3.4,3.9,4.2,4.5,6.0,6.5,4.6,6.9,8.5,10.6,14.7,22.1,38.4,42.7,6,5,0.3,6.4,11/20/2015,2C11,9C11,42.5,5,19,0.8,-,,
28180,BdTR1b_R3S,BdTR1b,Clone1,3,648,BVZ0049,SRE,NCRIS-2,10B5,9/24/2015,10/2/2015,10/7/2015,1.0,1.3,1.6,1.9,1.9,2.1,2.6,2.9,3.3,3.9,4.0,4.4,5.6,6.4,4.9,6.6,8.1,11.2,16.0,19.7,35.7,38.0,6,8,0.4,6.2,11/23/2015,2D11,9D11,38.6,9,25,0.91,-,,
28181,BdTR10e_R1S,BdTR10e,Clone5,1,732,BVZ0049,SRE,NCRIS-2,10C1,9/24/2015,10/2/2015,10/7/2015,1.1,1.4,1.9,1.9,2.0,2.3,2.8,3.1,3.3,3.9,4.1,4.2,5.6,6.1,4.5,6.5,8.5,10.4,13.2,18.1,30.5,34.5,7,9,0.3,6.5,11/23/2015,2E11,9E11,34.9,8,21,0.94,-,,
28182,BdTR1b_R1S,BdTR1b,Clone1,1,648,BVZ0049,SRE,NCRIS-2,10C2,9/24/2015,10/2/2015,10/8/2015,1.0,1.3,1.6,1.9,1.9,2.1,2.4,3.1,3.4,3.9,4.1,4.4,5.7,6.4,5.4,6.9,7.0,10.2,14.1,19.0,32.0,33.4,8,8,0.3,4.9,11/23/2015,2F11,9F11,33.2,8,21,0.69,-,,
28183,BdTR9a_R3S,BdTR9a,Clone4,3,717,BVZ0049,SRE,NCRIS-2,10C3,9/24/2015,10/2/2015,10/7/2015,0.0,1.2,1.5,1.8,1.9,2.1,2.6,3.0,3.3,3.9,4.0,4.3,5.5,6.2,5.9,8.0,9.5,13.0,17.3,23.1,35.2,42.5,8,8,0.4,6.4,11/25/2015,2G11,9G11,46.7,10,26,0.97,-,,
28184,BdTR3b_R1S,BdTR3b,Clone2,1,678,BVZ0049,SRE,NCRIS-2,10C4,9/24/2015,10/2/2015,10/7/2015,1.4,1.6,1.9,1.9,2.1,2.3,3.1,3.3,3.6,4.2,4.4,4.7,6.2,6.7,5.7,7.6,8.5,10.4,14.7,20.6,36.6,39.5,9,10,0.3,6.6,11/23/2015,2H11,9H11,40.5,8,21,1.08,-,,
28185,BdTR3k_R2S,BdTR3k,Clone2,2,687,BVZ0049,SRE,NCRIS-2,10C5,9/24/2015,10/2/2015,10/9/2015,0.0,1.2,1.6,1.9,2.0,2.2,2.7,3.1,3.5,4.0,4.3,4.6,5.9,6.4,5.0,7.2,8.0,10.4,13.2,21.8,40.8,41.8,8,11,0.3,6.1,11/23/2015,2A12,9A12,41.4,11,24,1.18,-,,
28186,BdTR3p_R3S,BdTR3p,Clone2,3,691,BVZ0049,SRE,NCRIS-2,10D1,9/24/2015,10/2/2015,10/7/2015,0.0,1.3,1.7,1.9,2.0,2.2,2.7,3.2,3.5,4.0,4.3,4.6,6.0,6.5,4.9,7.0,7.5,9.4,12.5,17.0,26.2,30.9,9,12,0.3,6.6,11/23/2015,2B12,9B12,32.3,9,19,0.82,-,,
28187,BdTR5d_R1S,BdTR5d,Clone3,1,698,BVZ0049,SRE,NCRIS-2,10D2,9/24/2015,10/2/2015,10/9/2015,0.0,0.0,1.0,1.2,1.4,1.7,2.1,2.4,2.7,3.2,3.5,3.9,4.9,5.4,4.5,4.6,6.0,7.5,11.6,15.2,28.1,34.0,4,7,0.3,6.6,12/1/2015,2C12,9C12,38.2,6,19,0.72,-,,
28188,BdTR1g_R2S,BdTR1g,Clone1,2,653,BVZ0049,SRE,NCRIS-2,10D3,9/24/2015,10/2/2015,10/9/2015,0.0,1.2,1.6,1.8,1.9,2.1,2.6,3.1,3.4,3.9,4.1,4.4,5.9,6.4,4.6,6.1,7.3,10.4,15.2,21.7,35.1,36.3,7,8,0.3,5.6,11/20/2015,2D12,9D12,36.2,9,24,0.87,-,,
28189,BdTR2s_R3S,BdTR2s,Clone1,3,676,BVZ0049,SRE,NCRIS-2,10D4,9/24/2015,10/2/2015,10/7/2015,1.0,1.3,1.6,1.9,2.1,2.3,2.8,3.1,3.3,3.9,4.1,4.5,5.7,6.4,4.0,5.7,7.9,11.1,15.3,22.6,40.0,42.5,8,11,0.3,5.8,11/23/2015,2E12,9E12,41.5,9,30,1.08,-,,
28190,BdTR3g_R3S,BdTR3g,Clone2,3,683,BVZ0049,SRE,NCRIS-2,11A1,9/24/2015,10/2/2015,10/9/2015,0.0,1.1,1.5,1.9,1.9,2.2,2.6,3.1,3.1,3.9,4.1,4.4,5.7,6.3,5.0,6.5,7.5,10.0,12.7,17.7,32.6,36.5,6,8,0.3,5.5,11/23/2015,2F12,9F12,38.6,7,18,0.98,-,,
28191,BdTR1k_R3S,BdTR1k,Clone1,3,657,BVZ0049,SRE,NCRIS-2,11A2,9/24/2015,10/2/2015,10/8/2015,1.0,1.1,1.5,1.8,1.9,2.2,2.7,3.1,3.1,3.9,4.1,4.4,5.7,6.4,5.0,6.4,7.9,11.6,15.7,21.2,34.1,34.2,7,7,0.4,5.8,11/20/2015,2G12,9G12,32.6,8,24,0.82,-,,
28192,BdTR10d_R2S,BdTR10d,Clone5,2,731,BVZ0049,SRE,NCRIS-2,11A3,9/24/2015,10/2/2015,10/9/2015,1.0,1.3,1.7,1.9,1.9,2.2,2.7,3.0,3.2,3.9,4.0,4.3,5.5,6.1,4.5,6.8,8.7,11.6,15.2,20.9,36.5,40.1,6,6,0.3,6.6,11/23/2015,2H12,9H12,40.1,7,21,0.88,-,,
28193,BdTR13b_R2S,BdTR13b,Clone7,2,755,BVZ0049,SRE,NCRIS-2,11A4,9/24/2015,10/2/2015,10/7/2015,1.2,1.6,1.9,1.9,2.2,2.6,3.2,3.5,3.9,4.3,4.6,5.1,6.5,7.3,4.4,6.4,8.1,11.2,16.5,25.9,38.7,39.3,6,5,0.3,5.5,11/20/2015,3A1,10A1,39.2,6,22,0.87,-,,
28194,BdTR1a_R2S,BdTR1a,Clone1,2,647,BVZ0049,SRE,NCRIS-2,11A5,9/24/2015,10/2/2015,10/8/2015,0.0,1.2,1.6,1.9,2.0,2.3,2.8,3.1,3.5,3.9,4.2,4.5,5.9,6.4,4.8,6.7,8.6,11.4,16.5,22.4,38.2,40.8,7,8,0.3,6.4,11/20/2015,3B1,10B1,40.3,9,29,1.01,-,,
28195,BdTR3i_R3S,BdTR3i,Clone2,3,685,BVZ0049,SRE,NCRIS-2,11B1,9/24/2015,10/2/2015,10/8/2015,0.0,1.3,1.7,1.9,2.1,2.4,3.0,3.2,3.5,4.1,4.4,4.7,5.9,6.4,5.0,6.5,8.0,9.3,12.8,17.8,38.8,41.3,9,10,0.3,6.3,11/25/2015,3C1,10C1,41.6,10,22,1.23,-,,
28196,BdTR5h_R2S,BdTR5h,Clone3,2,702,BVZ0049,SRE,NCRIS-2,11B2,9/24/2015,10/2/2015,10/7/2015,0.0,1.0,1.3,1.6,1.9,2.0,2.4,2.7,3.0,3.3,3.6,3.9,5.1,5.5,4.7,7.2,8.1,10.3,14.0,16.6,30.3,36.1,5,8,0.3,7.5,11/30/2015,3D1,10D1,41.8,6,21,0.79,-,,
28197,BdTR1h_R1S,BdTR1h,Clone1,1,654,BVZ0049,SRE,NCRIS-2,11B3,9/24/2015,10/2/2015,10/7/2015,0.0,1.2,1.6,1.9,2.1,2.3,2.9,3.1,3.4,3.9,4.3,4.6,6.1,6.7,4.6,6.3,8.2,11.6,18.7,26.5,40.2,40.6,6,6,0.3,6.2,11/20/2015,3E1,10E1,40.2,7,24,0.9,-,,
28198,BdTR2c_R2S,BdTR2c,Clone1,2,662,BVZ0049,SRE,NCRIS-2,11B4,9/24/2015,10/2/2015,10/7/2015,0.0,1.3,1.6,1.9,1.9,2.2,2.7,3.1,3.4,3.9,4.2,4.5,5.8,6.4,5.2,6.6,8.2,11.3,15.6,23.7,42.7,45.6,8,9,0.4,5.9,11/20/2015,3F1,10F1,45.4,9,27,1.02,-,,
28199,BdTR9k_R3S,BdTR9k,Clone4,3,726,BVZ0049,SRE,NCRIS-2,11B5,9/24/2015,10/2/2015,10/7/2015,1.0,1.3,1.7,1.9,1.9,2.3,2.6,3.1,3.3,3.9,4.1,4.4,5.7,6.3,6.0,8.5,9.6,13.0,16.8,24.1,35.5,39.4,8,10,0.3,6.5,11/20/2015,3G1,10G1,40.7,9,23,0.86,-,,
28200,BdTR3m_R2S,BdTR3m,Clone2,2,688,BVZ0049,SRE,NCRIS-2,11C1,9/24/2015,10/2/2015,10/7/2015,1.0,1.4,1.7,1.9,1.9,2.2,2.6,3.1,3.3,3.9,4.2,4.4,5.8,6.5,4.5,7.1,7.4,9.4,12.0,18.7,37.4,41.4,8,9,0.3,6.0,11/23/2015,3H1,10H1,36.6,9,21,0.99,-,,
28201,MEL8_R3S,MEL8,HYB1,3,469,BVZ0049,SRE,NCRIS-2,11C2,9/24/2015,10/2/2015,10/9/2015,0.0,0.0,1.1,1.3,1.7,1.9,2.3,2.7,3.2,3.7,4.4,4.6,-,-,7.7,10.2,14.5,22.6,33.2,36.0,37.3,37.3,7,9,0.5,10.0,11/12/2015,3A2,10A2,40,8,16,1.03,-,,
28202,EGL7_R3S,EGL7,HYB1,3,338,BVZ0049,SRE,NCRIS-2,11C3,9/24/2015,10/2/2015,10/12/2015,0.0,0.0,0.0,1.3,1.6,1.9,2.3,2.7,2.9,3.6,4.1,4.4,-,-,5.0,7.3,12.3,19.9,30.7,36.5,41.2,40.9,5,7,0.4,9.6,11/12/2015,3B2,10B2,40.4,7,14,0.88,-,,
28203,Bd21_R17S,Bd21,Bd21,17,4741,BVZ0049,SRE,NCRIS-2,11C4,9/24/2015,10/2/2015,10/9/2015,0.0,0.0,1.6,1.6,1.7,2.0,2.4,2.6,3.2,3.7,3.9,4.2,5.6,6.6,6.1,7.2,8.5,11.2,13.4,19.7,31.2,30.4,5,4,0.4,5.5,11/20/2015,3C2,10C2,30.5,5,11,0.51,-,,
28204,BdTR5d_R3S,BdTR5d,Clone3,3,698,BVZ0049,SRE,NCRIS-2,11C5,9/24/2015,10/2/2015,10/7/2015,0.0,1.1,1.5,1.8,1.9,2.1,2.5,2.9,3.1,3.5,3.9,4.1,5.3,5.9,4.1,6.5,8.5,10.6,14.5,18.9,34.4,39.2,5,8,0.3,6.8,11/23/2015,3D2,10D2,38.7,7,26,0.99,-,,
28205,BdTR3m_R3S,BdTR3m,Clone2,3,688,BVZ0049,SRE,NCRIS-2,11D1,9/24/2015,10/2/2015,10/7/2015,1.0,1.2,1.9,1.9,2.1,2.3,2.9,3.1,3.4,3.9,4.3,4.6,5.9,6.5,4.4,6.5,8.4,10.0,13.2,17.0,24.5,28.3,7,8,0.3,7.6,11/25/2015,3E2,10E2,31.3,8,19,0.74,-,,
28206,KEI1_R2S,KEI1,HYB2,2,422,BVZ0049,SRE,NCRIS-2,11D2,9/24/2015,10/2/2015,10/7/2015,0.0,0.0,1.2,1.5,1.9,2.1,2.6,2.9,3.3,3.8,4.3,4.7,-,-,6.8,10.5,17.3,26.7,36.7,40.1,41.8,41.8,7,8,0.4,11.4,11/12/2015,3F2,10F2,40.7,8,19,1.23,-,,
28207,ELI10_R3S,ELI10,HYB1,3,349,BVZ0049,SRE,NCRIS-2,11D3,9/24/2015,10/2/2015,10/9/2015,0.0,0.0,1.1,1.4,1.9,2.1,2.6,2.9,3.3,3.8,4.4,4.7,-,-,6.9,10.0,16.8,26.3,36.5,40.0,40.5,40.3,5,6,0.4,11.9,11/12/2015,3G2,10G2,36.2,6,16,0.9,-,,
28208,BdTR1m_R2S,BdTR1m,Clone1,2,658,BVZ0049,SRE,NCRIS-2,11D4,9/24/2015,10/2/2015,10/7/2015,1.1,1.3,1.7,1.9,2.0,2.2,2.9,3.1,3.5,3.9,4.3,4.5,6.1,6.5,5.0,7.4,8.7,10.7,16.7,21.8,42.4,43.1,8,7,0.4,6.3,11/20/2015,3H2,10H2,43.1,7,21,0.86,-,,
28209,BdTR2s_R2S,BdTR2s,Clone1,2,676,BVZ0049,SRE,NCRIS-2,12A1,9/24/2015,10/2/2015,10/8/2015,0.0,1.3,1.6,1.9,2.0,2.3,2.6,3.1,3.5,3.9,4.1,4.5,5.8,6.3,5.1,6.7,7.2,9.3,14.5,21.6,40.7,41.9,8,9,0.4,5.3,11/23/2015,3A3,10A3,41.6,11,29,1.01,-,,
28210,Bd21_R15S,Bd21,Bd21,15,4741,BVZ0049,SRE,NCRIS-2,12A2,9/24/2015,10/2/2015,10/9/2015,0.0,0.0,1.2,1.5,1.8,2.0,2.4,2.7,3.1,3.6,3.9,4.2,5.5,6.4,5.4,6.2,7.5,9.9,13.5,19.6,29.8,30.0,4,5,0.3,5.7,11/20/2015,3B3,10B3,29,6,13,0.51,-,,
28211,SLK7_R1S,SLK7,HYB1,1,548,BVZ0049,SRE,NCRIS-2,12A3,9/24/2015,10/2/2015,10/9/2015,0.0,0.0,1.1,1.4,1.7,2.0,2.4,2.8,3.2,3.7,3.9,3.9,-,-,6.5,9.2,15.0,24.2,31.0,34.5,34.4,34.9,7,10,0.4,10.4,11/12/2015,3C3,10C3,34.1,10,22,1.07,-,,
28212,Bd21_R10S,Bd21,Bd21,10,4741,BVZ0049,SRE,NCRIS-2,12A4,9/24/2015,10/2/2015,10/9/2015,0.0,1.1,1.4,1.6,1.9,2.1,2.4,2.7,3.3,3.8,4.1,4.3,5.7,6.4,5.5,6.8,7.1,9.5,12.1,19.1,29.7,29.9,6,6,0.4,5.1,11/20/2015,3D3,10D3,29.8,7,18,0.6,-,,
28213,BdTR5m_R1S,BdTR5m,Clone3,1,706,BVZ0049,SRE,NCRIS-2,12A5,9/24/2015,10/2/2015,10/9/2015,0.0,0.0,1.2,1.5,1.9,1.9,2.3,2.6,3.0,3.3,3.7,3.9,5.1,5.5,5.2,6.9,7.8,10.1,14.4,17.0,31.7,37.1,4,7,0.3,7.1,11/27/2015,3E3,10E3,41.3,7,20,0.8,-,,
28214,EGL7_R1S,EGL7,HYB1,1,338,BVZ0049,SRE,NCRIS-2,12B1,9/24/2015,10/2/2015,10/9/2015,0.0,0.0,1.1,1.3,1.7,1.9,2.4,2.8,3.2,3.6,3.9,3.9,-,-,5.7,8.5,13.5,22.7,23.5,31.0,32.5,32.5,8,9,0.4,9.6,11/12/2015,3F3,10F3,32,8,21,1.15,-,,
28215,BdTR5n_R2S,BdTR5n,Clone3,2,707,BVZ0049,SRE,NCRIS-2,12B2,9/24/2015,10/2/2015,10/9/2015,0.0,0.0,1.3,1.5,1.9,1.9,2.3,2.6,2.9,3.3,3.6,3.9,5.1,5.6,4.7,6.8,8.0,10.5,14.7,18.7,33.1,39.6,4,5,0.3,7.5,11/25/2015,3G3,10G3,41.4,6,20,0.73,-,,
28216,BdTR5e_R2S,BdTR5e,Clone3,2,699,BVZ0049,SRE,NCRIS-2,12B3,9/24/2015,10/2/2015,10/7/2015,0.0,1.0,1.4,1.8,1.9,2.0,2.4,2.7,3.1,3.5,3.7,4.1,5.1,5.6,4.3,7.0,8.1,10.0,14.7,16.8,31.5,39.6,3,6,0.3,7.2,11/27/2015,3H3,10H3,43.4,6,21,0.78,-,,
28217,BdTR1n_R1S,BdTR1n,Clone1,1,659,BVZ0049,SRE,NCRIS-2,12B4,9/24/2015,10/2/2015,10/9/2015,0.0,1.0,1.3,1.6,1.9,2.0,2.4,2.7,3.1,3.6,3.9,4.2,5.4,6.1,4.7,6.9,8.0,10.9,15.4,22.8,45.4,50.1,7,9,0.3,6.1,11/25/2015,3A4,10A4,49.7,9,27,1.06,-,,
28218,BdTR9m_R2S,BdTR9m,Clone4,2,727,BVZ0049,SRE,NCRIS-2,12B5,9/24/2015,10/2/2015,10/7/2015,0.0,1.3,1.6,1.9,1.9,2.1,2.5,2.9,3.2,3.7,4.0,4.2,5.4,6.0,5.0,7.6,9.3,12.2,15.7,22.1,37.1,46.4,8,11,0.3,6.9,12/3/2015,3B4,10B4,67.1,9,25,1.57,-,,
28219,BdTR3g_R1S,BdTR3g,Clone2,1,683,BVZ0049,SRE,NCRIS-2,12C1,9/24/2015,10/2/2015,10/8/2015,1.0,1.3,1.6,1.9,2.1,2.3,2.7,3.2,3.4,3.9,4.2,4.5,5.9,6.4,5.1,7.3,8.2,10.6,13.2,19.0,35.4,39.4,7,10,0.3,6.3,11/23/2015,3C4,10C4,44.8,11,25,1.23,-,,
28220,BdTR5i_R3S,BdTR5i,Clone3,3,703,BVZ0049,SRE,NCRIS-2,12C2,9/24/2015,10/2/2015,10/9/2015,0.0,0.0,1.1,1.4,1.7,1.9,2.3,2.6,2.9,3.3,3.6,3.9,5.1,5.5,5.0,6.1,7.5,9.5,13.8,17.1,31.4,39.3,5,8,0.3,7.2,11/27/2015,3D4,10D4,44,7,22,0.8,-,,
28221,Bd21_R14S,Bd21,Bd21,14,4741,BVZ0049,SRE,NCRIS-2,12C3,9/24/2015,10/2/2015,10/9/2015,0.0,0.0,1.2,1.4,1.6,1.9,2.3,2.6,3.1,3.6,3.9,4.1,5.7,-,5.3,6.0,7.0,9.9,14.0,23.2,29.9,30.0,3,5,0.4,5.2,11/16/2015,3E4,10E4,28.5,5,13,0.44,-,,
28222,BdTR10f_R2S,BdTR10f,Clone4,2,733,BVZ0049,SRE,NCRIS-2,12C4,9/24/2015,10/2/2015,10/7/2015,0.0,1.1,1.6,1.9,1.9,2.2,2.7,2.9,3.1,3.7,3.9,4.3,5.4,6.2,4.4,6.5,8.7,11.0,14.9,21.8,41.5,46.2,6,8,0.3,6.6,11/23/2015,3F4,10F4,46.1,8,19,0.84,-,,
28223,BdTR3c_R3S,BdTR3c,Clone2,3,679,BVZ0049,SRE,NCRIS-2,12C5,9/24/2015,10/2/2015,10/7/2015,1.1,1.4,1.9,1.9,2.1,2.3,2.7,3.1,3.4,3.9,4.3,4.5,5.9,6.4,5.0,7.5,9.0,11.1,13.5,22.5,39.0,40.5,8,9,0.3,7.0,11/23/2015,3G4,10G4,39.7,11,26,1.1,-,,
28224,BdTR1m_R3S,BdTR1m,Clone1,3,658,BVZ0049,SRE,NCRIS-2,12D1,9/24/2015,10/2/2015,10/9/2015,1.1,1.2,1.5,1.7,1.9,2.1,2.6,2.9,3.2,3.8,4.1,4.3,5.7,6.4,5.3,7.0,8.7,11.4,16.7,23.9,39.7,40.6,6,8,0.4,6.3,11/20/2015,3H4,10H4,40.5,10,26,0.99,-,,
28225,BdTR3r_R2S,BdTR3r,Clone2,2,692,BVZ0049,SRE,NCRIS-2,12D2,9/24/2015,10/2/2015,10/9/2015,1.1,1.2,1.6,1.9,2.0,2.2,2.7,2.9,3.3,3.8,4.1,4.4,5.7,6.1,5.2,7.2,9.3,11.3,14.0,17.6,34.7,42.5,5,9,0.3,7.5,11/27/2015,3A5,10A5,45.1,9,22,1.11,-,,
28226,Bd21_R9S,Bd21,Bd21,9,4741,BVZ0049,SRE,NCRIS-2,12D3,9/24/2015,10/2/2015,10/9/2015,0.0,1.1,1.3,1.6,1.9,2.0,2.3,2.7,3.1,3.6,3.9,4.2,5.7,6.7,5.5,6.7,7.8,10.6,13.8,20.6,31.8,31.8,4,5,0.4,6.7,11/20/2015,3B5,10B5,31.3,6,14,0.52,-,,
28227,BdTR5c_R2S,BdTR5c,Clone3,2,697,BVZ0049,SRE,NCRIS-2,12D4,9/24/2015,10/2/2015,10/9/2015,0.0,1.0,1.3,1.6,1.9,1.9,2.4,2.6,2.9,3.3,3.6,3.9,5.0,5.4,5.1,7.7,8.5,11.0,15.1,18.7,32.6,40.8,5,6,0.3,8.1,11/30/2015,3C5,10C5,44.1,7,28,1.11,-,,
28228,BdTR2h_R1S,BdTR2h,Clone1,1,667,BVZ0049,SRE,NCRIS-2,13A1,9/24/2015,10/2/2015,10/7/2015,1.1,1.4,1.7,1.9,2.1,2.2,2.7,3.1,3.5,3.9,4.2,4.5,5.7,6.3,4.6,7.0,7.7,10.0,14.2,20.5,38.6,39.7,8,9,0.4,6.0,11/25/2015,3D5,10D5,39.6,10,25,0.95,-,,
28229,BdTR2r_R3S,BdTR2r,Clone1,3,675,BVZ0049,SRE,NCRIS-2,13A2,9/24/2015,10/2/2015,10/7/2015,1.1,1.3,1.7,1.9,2.0,2.3,2.9,3.1,3.5,4.1,4.3,4.7,5.9,6.4,4.6,6.1,8.2,10.9,16.5,20.3,41.5,43.5,7,9,0.3,6.2,11/25/2015,3E5,10E5,43.2,10,29,1.13,-,,
28230,BdTR5h_R3S,BdTR5h,Clone3,3,702,BVZ0049,SRE,NCRIS-2,13A3,9/24/2015,10/2/2015,10/7/2015,0.0,1.1,1.5,1.9,1.9,2.1,2.6,2.9,3.2,3.7,3.9,4.2,5.4,5.9,4.9,7.0,9.6,12.0,15.2,19.5,33.3,40.2,5,6,0.3,7.8,11/25/2015,3F5,10F5,44.8,7,23,0.95,-,,
28231,BdTR3c_R1S,BdTR3c,Clone2,1,679,BVZ0049,SRE,NCRIS-2,13A4,9/24/2015,10/2/2015,10/7/2015,1.4,1.6,1.9,2.0,2.2,2.5,3.2,3.4,3.7,4.3,4.6,5.0,6.2,6.6,4.9,8.4,9.3,12.5,15.5,23.1,42.5,43.0,8,12,0.3,7.0,11/23/2015,3G5,10G5,47.4,11,26,1.28,-,,
28232,BdTR9m_R1S,BdTR9m,Clone4,1,727,BVZ0049,SRE,NCRIS-2,13A5,9/24/2015,10/2/2015,10/9/2015,0.0,1.3,1.6,1.9,1.9,2.1,2.5,2.8,3.3,3.9,4.1,4.4,5.6,6.0,5.2,8.3,9.1,12.0,15.9,23.0,33.2,47.7,8,10,0.4,6.8,12/3/2015,3H5,10H5,69.6,9,15,1.47,-,,
28233,BdTR13f_R2S,BdTR13f,Clone7,2,759,BVZ0049,SRE,NCRIS-2,13B1,9/24/2015,10/2/2015,10/7/2015,1.3,1.4,1.9,1.9,2.1,2.3,2.9,3.3,3.7,4.2,4.5,4.9,6.5,7.3,4.4,6.3,7.8,11.1,17.1,25.0,40.5,40.6,6,5,0.3,6.4,11/20/2015,3A6,10A6,40.6,6,21,0.84,-,,
28234,BdTR5a_R1S,BdTR5a,Clone3,1,695,BVZ0049,SRE,NCRIS-2,13B2,9/24/2015,10/2/2015,10/7/2015,0.0,1.0,1.0,1.6,1.9,2.0,2.3,2.6,3.0,3.5,3.8,4.0,5.2,5.6,5.0,7.0,8.1,11.3,15.1,18.8,33.1,39.2,4,9,0.3,7.0,11/27/2015,3B6,10B6,43.1,6,20,0.81,-,,
28235,BdTR13i_R2S,BdTR13i,Clone7,2,762,BVZ0049,SRE,NCRIS-2,13B3,9/24/2015,10/2/2015,10/7/2015,1.4,1.6,1.9,1.9,2.2,2.5,3.2,3.5,3.8,4.2,4.5,4.7,6.6,7.3,5.3,6.7,7.9,9.9,15.0,25.6,37.2,37.5,6,6,0.3,7.0,11/20/2015,3C6,10C6,69.9,7,19,0.7,-,,
28236,BdTR9j_R2S,BdTR9j,Clone4,2,725,BVZ0049,SRE,NCRIS-2,13B4,9/24/2015,10/2/2015,10/9/2015,0.0,1.2,1.6,1.9,1.9,2.1,2.5,2.8,3.3,3.9,4.1,4.4,5.6,6.2,6.0,8.3,9.0,12.3,16.6,22.4,43.5,49.0,7,9,0.4,6.4,11/27/2015,3D6,10D6,56.1,10,29,1.3,-,,
28237,Bd21_R4S,Bd21,Bd21,4,4741,BVZ0049,SRE,NCRIS-2,13B5,9/24/2015,10/2/2015,10/9/2015,0.0,1.0,1.3,1.5,1.9,2.1,2.5,3.1,3.3,3.9,4.1,4.3,5.7,6.7,5.8,6.6,7.3,10.0,13.9,22.5,32.9,33.2,5,5,0.3,5.4,11/20/2015,3E6,10E6,32.6,6,14,0.63,-,,
28238,Bd21_R1S,Bd21,Bd21,1,4741,BVZ0049,SRE,NCRIS-2,13C1,9/24/2015,10/2/2015,10/9/2015,0.0,0.0,1.3,1.5,1.8,2.1,2.3,2.7,3.2,3.8,4.1,4.3,5.7,6.3,5.8,6.7,7.4,9.7,13.8,19.5,30.0,30.0,5,5,0.3,5.0,11/20/2015,3F6,10F6,30.2,6,15,0.62,-,,
28239,BdTR1m_R1S,BdTR1m,Clone1,1,658,BVZ0049,SRE,NCRIS-2,13C2,9/24/2015,10/2/2015,10/7/2015,1.2,1.5,1.8,1.9,2.1,2.4,2.9,3.1,3.5,4.0,4.3,4.7,6.2,6.7,4.5,6.1,8.1,11.0,17.6,25.1,40.2,40.7,6,9,0.3,5.9,11/20/2015,3G6,10G6,40.5,8,24,0.97,-,,
28240,BdTR5a_R2S,BdTR5a,Clone3,2,695,BVZ0049,SRE,NCRIS-2,13C3,9/24/2015,10/2/2015,10/8/2015,0.0,1.0,1.4,1.7,1.9,2.1,2.5,2.8,3.1,3.5,3.9,4.1,5.3,5.9,5.1,7.0,8.4,10.9,14.2,19.0,35.2,39.0,6,7,0.3,7.3,11/27/2015,3H6,10H6,46,8,22,0.92,-,,
28241,BdTR13b_R3S,BdTR13b,Clone7,3,755,BVZ0049,SRE,NCRIS-2,13C4,9/24/2015,10/2/2015,10/7/2015,1.3,1.5,1.9,2.0,2.3,2.6,3.2,3.4,3.7,4.2,4.6,5.0,6.5,7.3,5.0,6.5,8.1,11.1,17.0,27.3,47.2,48.0,6,7,0.3,6.0,11/20/2015,3A7,10A7,47,6,21,0.98,-,,
28242,BdTR10i_R2S,BdTR10i,Clone5,2,736,BVZ0049,SRE,NCRIS-2,13C5,9/24/2015,10/2/2015,10/7/2015,1.1,1.3,1.8,1.9,2.1,2.4,2.9,3.2,3.6,4.0,4.3,4.6,5.9,6.4,5.0,7.1,9.4,11.9,15.5,24.1,43.8,47.5,7,10,0.3,7.0,11/23/2015,3B7,10B7,47.2,8,28,1.28,-,,
28243,BdTR13a_R2S,BdTR13a,Clone7,2,754,BVZ0049,SRE,NCRIS-2,13D1,9/24/2015,10/2/2015,10/7/2015,1.3,1.5,1.9,1.9,2.1,2.4,3.1,3.3,3.6,4.1,4.5,4.9,6.2,6.7,4.6,5.8,7.6,9.8,15.1,21.7,28.5,29.4,4,6,0.3,5.5,11/20/2015,3C7,10C7,30.2,4,15,0.61,-,,
28244,BdTR1e_R2S,BdTR1e,Clone1,2,651,BVZ0049,SRE,NCRIS-2,13D2,9/24/2015,10/2/2015,10/7/2015,1.3,1.5,1.9,1.9,2.1,2.4,3.1,3.3,3.7,4.2,4.5,4.9,6.1,6.6,5.2,7.2,8.0,10.3,16.7,24.9,38.2,39.6,7,9,0.4,5.9,11/20/2015,3D7,10D7,39.5,9,29,1.15,-,,
28245,GUL1-2_R1S,GUL1-2,HYB1,1,367,BVZ0049,SRE,NCRIS-2,13D3,9/24/2015,10/2/2015,10/12/2015,0.0,0.0,0.0,1.2,1.5,1.9,2.1,2.5,2.9,3.5,3.9,4.4,-,-,4.6,6.9,11.5,19.6,31.2,40.4,43.0,43.1,6,9,0.4,9.2,11/11/2015,3E7,10E7,43,6,17,1.14,-,,
28246,BdTR10h_R2S,BdTR10h,Clone5,2,735,BVZ0049,SRE,NCRIS-2,13D4,9/24/2015,10/2/2015,10/9/2015,0.0,1.1,1.5,1.9,2.0,2.3,2.9,3.1,3.3,3.9,4.1,4.4,5.6,6.2,4.7,6.4,9.4,11.5,14.1,21.2,43.9,46.1,7,8,0.3,6.9,11/23/2015,3F7,10F7,46.5,8,20,0.93,-,,
28247,BdTR5c_R1S,BdTR5c,Clone3,1,697,BVZ0049,SRE,NCRIS-2,14A1,9/24/2015,10/2/2015,10/7/2015,0.0,0.0,1.3,1.6,1.9,1.9,2.3,2.6,2.9,3.3,3.5,3.9,5.0,5.4,5.0,6.5,7.6,10.0,14.5,18.0,29.9,32.0,5,6,0.3,7.6,11/27/2015,3G7,10G7,37.9,6,21,0.8,-,,
28248,BdTR3s_R1S,BdTR3s,Clone2,1,693,BVZ0049,SRE,NCRIS-2,14A2,9/24/2015,10/2/2015,10/7/2015,1.3,1.4,1.8,1.9,2.1,2.3,3.1,3.3,2.9,4.2,4.4,4.7,6.0,6.6,4.9,7.0,7.8,9.6,13.1,17.8,39.5,42.7,9,12,0.3,5.9,11/25/2015,3H7,10H7,45.5,10,22,1.13,-,,
28249,Bd21_R8S,Bd21,Bd21,8,4741,BVZ0049,SRE,NCRIS-2,14A3,9/24/2015,10/2/2015,10/9/2015,0.0,1.0,1.3,1.5,1.7,2.1,2.5,2.9,3.2,3.8,4.1,4.3,5.6,6.4,6.0,6.8,7.0,9.1,13.0,17.9,33.5,33.5,5,5,0.3,4.8,11/20/2015,3A8,10A8,33.2,6,13,0.56,-,,
28250,SLK7_R3S,SLK7,HYB1,3,548,BVZ0049,SRE,NCRIS-2,14A4,9/24/2015,10/2/2015,10/7/2015,0.0,0.0,1.3,1.6,1.9,2.2,2.9,3.3,3.6,4.3,4.5,4.7,-,-,7.6,11.6,18.6,27.4,35.5,40.0,42.3,42.3,7,9,0.4,11.0,11/12/2015,3B8,10B8,42.1,7,22,1.4,-,,
28251,MEL8_R1S,MEL8,HYB1,1,469,BVZ0049,SRE,NCRIS-2,14A5,9/24/2015,10/2/2015,10/9/2015,0.0,0.0,1.1,1.4,1.9,2.1,2.5,2.9,3.3,4.2,4.4,4.6,-,-,7.4,10.6,16.8,26.4,28.8,31.5,40.2,40.2,7,9,0.5,11.6,11/12/2015,3C8,10C8,39.7,6,16,1.09,-,,
28252,BdTR13g_R2S,BdTR13g,Clone7,2,760,BVZ0049,SRE,NCRIS-2,14B1,9/24/2015,10/2/2015,10/8/2015,1.3,1.5,1.9,1.9,2.1,2.3,3.1,3.2,3.7,4.1,4.5,4.9,6.4,7.2,4.5,6.6,8.0,10.7,14.8,22.4,36.3,36.3,6,7,0.3,5.8,11/20/2015,3D8,10D8,36.2,6,22,0.81,-,,
28253,BdTR3n_R1S,BdTR3n,Clone2,1,689,BVZ0049,SRE,NCRIS-2,14B2,9/24/2015,10/2/2015,10/7/2015,1.4,1.7,1.9,2.0,2.2,2.4,3.1,3.3,3.7,4.3,4.5,4.9,6.1,6.7,6.3,7.7,9.0,11.1,14.8,22.5,42.8,44.5,8,11,0.3,6.9,11/23/2015,3E8,10E8,44.1,10,24,1.16,-,,
28254,BdTR9f_R3S,BdTR9f,Clone4,3,721,BVZ0049,SRE,NCRIS-2,14B3,9/24/2015,10/2/2015,10/7/2015,1.3,1.3,1.6,1.9,1.9,2.2,2.7,3.1,3.3,3.9,4.1,4.4,5.6,7.2,6.1,8.5,10.4,13.3,18.4,24.6,35.9,47.5,8,11,0.3,7.2,12/3/2015,3F8,10F8,54.6,8,10,1.2,-,,
28255,BdTR3r_R1S,BdTR3r,Clone2,1,692,BVZ0049,SRE,NCRIS-2,14B4,9/24/2015,10/2/2015,10/7/2015,0.0,1.2,1.5,1.9,2.1,2.4,2.9,3.2,3.6,4.0,4.3,4.6,6.0,6.4,5.1,6.7,8.1,10.4,14.0,17.9,40.1,47.2,8,12,0.3,6.0,11/30/2015,3G8,10G8,50.8,10,23,1.29,-,,
28256,KEI5_R2S,KEI5,HYB2,2,426,BVZ0049,SRE,NCRIS-2,14B5,9/24/2015,10/2/2015,10/9/2015,0.0,0.0,1.0,1.3,1.6,1.9,2.3,2.7,3.3,3.8,4.5,4.7,-,-,8.3,11.3,17.5,27.0,38.6,42.5,45.4,45.0,7,5,0.5,11.7,11/12/2015,3H8,10H8,44.7,5,17,1.18,-,,
28257,Bd21_R6S,Bd21,Bd21,6,4741,BVZ0049,SRE,NCRIS-2,14C1,9/24/2015,10/2/2015,10/9/2015,0.0,0.0,1.3,1.5,1.8,2.1,2.4,2.8,3.2,3.8,4.1,4.3,5.7,6.5,5.8,6.4,7.2,9.3,13.0,18.0,27.4,27.5,5,6,0.4,5.0,11/20/2015,3A9,10A9,26.4,5,13,0.53,-,,
28258,Bd21_R3S,Bd21,Bd21,3,4741,BVZ0049,SRE,NCRIS-2,14C2,9/24/2015,10/2/2015,10/8/2015,0.0,1.0,1.3,1.6,1.9,2.1,2.4,2.8,3.2,3.7,4.0,4.2,5.6,6.4,5.1,6.3,7.2,9.7,13.1,20.6,36.2,36.5,6,4,0.3,5.1,11/20/2015,3B9,10B9,36,5,11,0.5,-,,
28259,MEL8_R2S,MEL8,HYB1,2,469,BVZ0049,SRE,NCRIS-2,14C3,9/24/2015,10/2/2015,10/9/2015,0.0,0.0,0.0,1.2,1.5,1.9,2.3,2.6,3.2,3.6,4.3,4.5,-,-,6.6,8.5,14.1,21.8,33.4,40.5,40.8,40.9,7,8,0.4,9.9,11/12/2015,3C9,10C9,40.6,6,17,0.95,-,,
28260,BdTR2p_R2S,BdTR2p,Clone1,2,674,BVZ0049,SRE,NCRIS-2,14C4,9/24/2015,10/2/2015,10/7/2015,0.0,1.3,1.6,1.9,1.9,2.3,2.8,3.1,3.4,3.9,4.2,4.5,5.8,6.3,5.4,7.2,8.7,11.9,16.4,24.2,43.0,50.9,7,10,0.4,6.5,11/25/2015,3D9,10D9,50.2,9,26,1.14,-,,
28261,BdTR3i_R1S,BdTR3i,Clone2,1,685,BVZ0049,SRE,NCRIS-2,14C5,9/24/2015,10/2/2015,10/7/2015,1.1,1.4,1.9,1.9,2.1,2.4,3.0,3.3,3.6,4.1,4.4,4.7,6.0,6.5,5.5,7.6,9.0,11.0,14.6,18.2,38.8,45.2,8,13,0.4,8.4,11/27/2015,3E9,10E9,46,14,20,1.35,-,,
28262,GUL3-8_R2S,GUL3-8,HYB1,2,389,BVZ0049,SRE,NCRIS-2,14D1,9/24/2015,10/2/2015,10/9/2015,0.0,0.0,1.0,1.2,1.5,1.9,2.3,2.8,3.2,3.7,4.4,4.6,-,-,6.9,9.0,14.7,23.3,31.5,34.5,35.2,35.0,7,8,0.4,9.6,11/12/2015,3F9,10F9,34.7,6,16,0.87,-,,
28263,BdTR1a_R1S,BdTR1a,Clone1,1,647,BVZ0049,SRE,NCRIS-2,14D2,9/24/2015,10/2/2015,10/7/2015,1.1,1.3,1.7,1.9,2.1,2.3,2.9,3.1,3.5,3.9,4.2,4.5,5.8,6.5,4.8,7.1,8.4,11.7,16.3,22.3,42.1,44.0,8,7,0.4,6.4,11/20/2015,3G9,10G9,44.4,10,25,1.01,-,,
28264,BdTR11d_R1S,BdTR11d,Clone6,1,745,BVZ0049,SRE,NCRIS-2,14D3,9/24/2015,10/2/2015,10/7/2015,0.0,1.1,1.5,1.7,1.9,2.0,2.4,2.7,3.1,3.6,3.9,4.1,5.5,6.0,5.6,8.8,10.0,12.8,15.8,20.0,38.5,50.5,6,6,0.4,7.8,11/27/2015,3H9,10H9,51.8,7,26,1.18,-,,
28265,BdTR2c_R3S,BdTR2c,Clone1,3,662,BVZ0049,SRE,NCRIS-2,14D4,9/24/2015,10/2/2015,10/7/2015,0.0,1.1,1.6,1.9,2.1,2.3,3.2,3.1,3.5,3.9,4.2,4.6,6.1,6.6,4.9,5.8,8.1,11.5,16.1,24.6,45.6,46.2,7,9,0.3,6.9,11/20/2015,3A10,10A10,45.9,9,28,1.02,-,,
28266,Bd21_R5S,Bd21,Bd21,5,4741,BVZ0049,SRE,NCRIS-2,15A2,9/24/2015,10/2/2015,10/8/2015,0.0,1.0,1.3,1.5,1.8,1.9,2.3,2.7,3.2,3.8,4.0,4.3,6.2,6.7,5.5,6.2,6.8,9.5,12.7,19.0,26.9,27.4,5,7,0.3,4.8,11/20/2015,3B10,10B10,26.9,6,13,0.45,-,,
28267,BdTR5b_R3S,BdTR5b,Clone3,3,696,BVZ0049,SRE,NCRIS-2,15A3,9/24/2015,10/2/2015,10/8/2015,0.0,1.0,1.3,1.7,1.9,2.0,2.4,2.7,3.0,3.4,3.7,3.9,5.0,5.4,5.2,7.6,8.6,11.0,15.0,18.2,31.9,39.3,4,6,0.3,8.1,12/1/2015,3C10,10C10,52.4,6,22,1.02,-,,
28268,BdTR13c_R1S,BdTR13c,Clone7,1,756,BVZ0049,SRE,NCRIS-2,15A4,9/24/2015,10/2/2015,10/8/2015,1.2,1.4,1.9,1.9,2.1,2.4,3.1,3.3,3.7,4.2,4.4,4.9,6.4,7.3,5.3,7.0,8.8,11.5,18.5,27.9,49.2,49.5,6,7,0.3,6.4,11/20/2015,3D10,10D10,49.2,8,28,1.07,-,,
28269,BdTR11h_R3S,BdTR11h,Clone6,3,749,BVZ0049,SRE,NCRIS-2,15A5,9/24/2015,10/2/2015,10/9/2015,0.0,1.0,1.1,1.5,1.9,2.0,2.4,2.8,3.1,3.5,3.9,4.1,5.4,5.7,5.0,7.0,9.0,11.8,14.8,18.0,31.2,37.8,6,9,0.4,7.0,11/27/2015,3E10,10E10,38.8,7,20,0.89,-,,
28270,BdTR13c_R3S,BdTR13c,Clone7,3,756,BVZ0049,SRE,NCRIS-2,15B1,9/24/2015,10/2/2015,10/8/2015,1.1,1.4,1.8,1.9,2.1,2.3,2.9,3.1,3.5,4.1,4.4,4.7,6.4,6.9,3.9,6.0,7.5,10.0,16.4,24.6,35.6,35.5,4,8,0.3,5.5,11/20/2015,3F10,10F10,35.1,6,20,0.76,-,,
28271,GWW10_R1S,GWW10,HYB1,1,397,BVZ0049,SRE,NCRIS-2,15B2,9/24/2015,10/2/2015,10/8/2015,0.0,0.0,1.2,1.6,1.9,2.1,2.5,2.9,3.3,3.7,4.3,4.6,-,-,6.3,10.0,15.3,24.4,35.0,40.0,42.3,42.6,7,9,0.5,10.8,11/12/2015,3G10,10G10,42,9,23,1.5,-,,
28272,BRO1-1_R3S,BRO1-1,HYB1,3,278,BVZ0049,SRE,NCRIS-2,15B3,9/24/2015,10/2/2015,10/8/2015,0.0,0.0,1.1,1.5,1.9,1.9,2.3,2.7,3.1,3.5,4.2,4.4,-,-,8.0,11.5,17.8,24.5,37.7,47.0,55.5,55.7,8,6,0.5,12.7,11/12/2015,3H10,10H10,55.3,6,19,1.44,-,,
28273,BdTR2n_R3S,BdTR2n,Clone1,3,672,BVZ0049,SRE,NCRIS-2,15B4,9/24/2015,10/2/2015,10/7/2015,0.0,1.2,1.6,1.9,2.1,2.3,2.8,3.1,3.4,3.9,4.2,4.6,5.8,6.3,5.1,6.6,8.5,11.0,15.8,21.7,42.5,45.7,7,11,0.3,6.0,11/25/2015,3A11,10A11,46.3,8,26,0.98,-,,
28274,BdTR1b_R2S,BdTR1b,Clone1,2,648,BVZ0049,SRE,NCRIS-2,15B5,9/24/2015,10/2/2015,10/7/2015,0.0,1.2,1.5,1.9,2.1,2.3,2.9,3.1,3.3,3.9,4.1,4.5,5.7,6.4,5.0,6.5,8.1,11.4,16.5,26.5,43.6,55.7,8,8,0.4,6.4,11/20/2015,3B11,10B11,55.5,9,25,1.15,-,,
28275,BdTR1j_R2S,BdTR1j,Clone1,2,656,BVZ0049,SRE,NCRIS-2,15C1,9/24/2015,10/2/2015,10/8/2015,0.0,1.3,1.6,1.9,1.9,2.1,2.7,3.0,3.3,3.9,4.1,4.4,5.6,6.3,5.1,6.4,7.4,10.4,15.3,21.5,46.0,47.8,7,8,0.3,5.7,11/23/2015,3C11,10C11,47.4,10,32,1.16,-,,
28276,BdTR2k_R2S,BdTR2k,Clone1,2,670,BVZ0049,SRE,NCRIS-2,15C2,9/24/2015,10/2/2015,10/7/2015,0.0,1.1,1.4,1.7,1.9,2.1,2.6,3.1,3.1,3.7,3.9,4.3,5.5,6.3,4.7,6.2,8.1,10.7,15.5,22.3,43.2,46.9,6,8,0.3,5.8,11/23/2015,3D11,10D11,46.1,8,20,0.76,-,,
28277,BdTR9k_R2S,BdTR9k,Clone4,2,726,BVZ0049,SRE,NCRIS-2,15C3,9/24/2015,10/2/2015,10/7/2015,1.1,1.4,1.7,1.9,2.1,2.3,2.9,3.1,3.4,3.9,4.2,4.4,5.7,6.3,5.9,7.9,9.7,13.4,18.5,22.6,44.1,46.4,7,9,0.3,6.5,11/23/2015,3E11,10E11,46.1,7,22,0.92,-,,
28278,BdTR1k_R1S,BdTR1k,Clone1,1,657,BVZ0049,SRE,NCRIS-2,15C4,9/24/2015,10/2/2015,10/7/2015,1.0,1.2,1.6,1.8,2.0,2.3,2.9,3.1,3.3,3.9,4.1,4.4,5.7,6.4,4.8,6.2,8.3,11.8,16.6,25.5,49.3,52.8,5,8,0.3,6.1,11/23/2015,3F11,10F11,52.7,7,19,0.9,-,,
28279,BdTR3e_R1S,BdTR3e,Clone2,1,681,BVZ0049,SRE,NCRIS-2,15C5,9/24/2015,10/2/2015,10/7/2015,1.2,1.5,1.9,1.9,2.1,2.3,2.9,3.2,3.6,4.1,4.4,4.7,6.0,6.5,5.4,7.6,8.5,10.6,14.8,22.3,49.3,51.7,9,12,0.3,6.5,11/23/2015,3G11,10G11,51.5,11,25,1.36,-,,
28280,BdTR2r_R2S,BdTR2r,Clone1,2,675,BVZ0049,SRE,NCRIS-2,15D1,9/24/2015,10/2/2015,10/8/2015,0.0,1.3,1.6,1.9,2.0,2.2,2.7,3.1,3.3,3.9,4.1,4.4,5.7,6.4,4.9,6.5,8.3,11.1,15.6,23.3,38.7,40.5,7,9,0.4,6.0,11/23/2015,3H11,10H11,39.5,8,24,0.99,-,,
28281,BdTR5n_R3S,BdTR5n,Clone3,3,707,BVZ0049,SRE,NCRIS-2,15D2,9/24/2015,10/2/2015,10/8/2015,0.0,0.0,1.2,1.4,1.8,1.9,2.3,2.7,2.9,3.3,3.6,3.9,5.0,5.6,4.6,5.9,8.1,10.4,14.3,16.7,32.0,38.6,3,6,0.3,7.3,11/27/2015,3A12,10A12,42.5,6,20,0.8,-,,
28282,BdTR1e_R1S,BdTR1e,Clone1,1,651,BVZ0049,SRE,NCRIS-2,15D3,9/24/2015,10/2/2015,10/7/2015,1.1,1.3,1.7,1.9,2.0,2.3,2.9,3.1,3.5,3.9,4.2,4.5,5.9,6.5,5.0,6.9,8.7,12.1,17.3,25.1,42.5,44.1,6,8,0.3,6.3,11/23/2015,3B12,10B12,44.5,9,26,1.01,-,,
28283,BLA1_R3S,BLA1,HYB1,3,252,BVZ0049,SRE,NCRIS-2,15D4,9/24/2015,10/2/2015,10/9/2015,0.0,0.0,1.1,1.4,1.8,2.0,2.5,2.9,3.2,3.7,4.3,4.6,-,-,7.0,10.2,16.8,25.6,36.9,41.2,41.6,41.8,7,11,0.4,11.2,11/12/2015,3C12,10C12,40.7,7,21,1.36,-,,
28284,BdTR2s_R1S,BdTR2s,Clone1,1,676,BVZ0049,SRE,NCRIS-2,16A1,9/24/2015,10/2/2015,10/8/2015,0.0,1.2,1.6,1.8,2.0,2.2,2.6,3.1,3.4,3.9,4.1,4.5,5.7,6.3,4.9,5.9,6.8,9.4,14.5,21.0,35.6,35.6,7,8,0.4,5.1,11/23/2015,3D12,10D12,55.8,8,23,0.79,-,,
28285,BdTR1h_R3S,BdTR1h,Clone1,3,654,BVZ0049,SRE,NCRIS-2,16A2,9/24/2015,10/2/2015,10/8/2015,0.0,1.2,1.5,1.9,1.9,2.1,2.5,3.0,3.3,3.9,4.1,4.4,5.7,6.4,4.9,7.2,8.2,11.5,16.5,25.0,42.3,42.8,4,9,0.4,6.3,11/23/2015,3E12,10E12,42.7,10,28,1.02,-,,
28286,BdTR10d_R3S,BdTR10d,Clone5,3,731,BVZ0049,SRE,NCRIS-2,16A3,9/24/2015,10/2/2015,10/9/2015,0.0,1.0,1.4,1.8,1.9,2.1,2.5,2.9,3.1,3.6,3.9,4.1,5.3,5.7,4.3,6.5,8.2,10.9,14.3,20.3,41.0,45.6,6,8,0.3,6.4,11/23/2015,3F12,10F12,46.9,7,19,0.88,-,,
28287,KEI1_R1S,KEI1,HYB2,1,422,BVZ0049,SRE,NCRIS-2,16A4,9/24/2015,10/2/2015,10/9/2015,0.0,0.0,1.1,1.4,1.7,2.0,2.4,2.8,3.2,3.7,4.3,4.5,-,-,7.1,9.9,15.1,23.8,37.4,43.3,47.1,47.8,7,12,0.4,10.2,11/12/2015,3G12,10G12,47.6,8,21,1.49,-,,
28288,BdTR1e_R3S,BdTR1e,Clone1,3,651,BVZ0049,SRE,NCRIS-2,16A5,9/24/2015,10/2/2015,10/8/2015,1.0,1.4,1.7,1.9,2.1,2.3,2.7,3.2,3.5,4.0,4.3,4.7,5.9,6.4,5.2,6.6,7.5,9.7,16.0,25.5,45.7,45.9,6,11,0.4,5.9,11/20/2015,3H12,10H12,46,9,31,1.2,-,,
28289,BdTR2d_R3S,BdTR2d,Clone1,3,663,BVZ0049,SRE,NCRIS-2,16B1,9/24/2015,10/2/2015,10/8/2015,0.0,1.2,1.5,1.8,1.9,2.1,2.6,2.9,3.2,3.9,4.1,4.4,5.6,6.3,4.4,6.1,7.6,10.2,15.2,20.4,36.8,41.1,6,10,0.3,5.5,11/23/2015,4A1,11A1,43.4,8,28,1,-,,
28290,BdTR1f_R2S,BdTR1f,Clone1,2,652,BVZ0049,SRE,NCRIS-2,16B2,9/24/2015,10/2/2015,10/8/2015,0.0,1.3,1.7,1.9,1.9,2.1,2.5,2.8,3.1,3.7,4.0,4.3,5.6,6.3,4.7,7.3,8.3,11.3,16.5,24.3,46.8,52.8,5,8,0.3,6.3,11/23/2015,4B1,11B1,53.8,8,24,1,-,,
28291,BdTR1f_R3S,BdTR1f,Clone1,3,652,BVZ0049,SRE,NCRIS-2,16B3,9/24/2015,10/2/2015,10/8/2015,0.0,1.2,1.5,1.7,1.9,2.1,2.4,2.7,3.1,3.7,3.9,4.3,5.5,6.3,4.6,6.5,7.6,10.8,15.6,23.9,44.5,46.4,5,6,0.4,5.6,11/20/2015,4C1,11C1,46.7,7,23,0.89,-,,
28292,BdTR2k_R3S,BdTR2k,Clone1,3,670,BVZ0049,SRE,NCRIS-2,16B4,9/24/2015,10/2/2015,10/8/2015,1.1,1.5,1.8,1.9,2.1,2.2,2.7,3.1,3.4,3.9,4.1,4.4,5.7,6.3,4.8,6.8,8.5,11.8,16.2,23.6,47.9,50.5,6,9,0.3,6.3,11/23/2015,4D1,11D1,50.7,9,27,1.02,-,,
28293,BdTR10e_R3S,BdTR10e,Clone5,3,732,BVZ0049,SRE,NCRIS-2,16B5,9/24/2015,10/2/2015,10/9/2015,0.0,1.2,1.7,1.9,1.9,2.2,2.7,3.3,3.3,3.9,4.1,4.3,5.6,6.2,4.9,7.0,8.7,11.4,14.0,23.5,42.9,45.9,7,9,0.3,6.3,11/20/2015,4E1,11E1,46,8,20,0.89,-,,
28294,ELI1_R2S,ELI1,HYB1,2,342,BVZ0049,SRE,NCRIS-2,16C1,9/24/2015,10/2/2015,10/12/2015,0.0,0.0,1.0,1.2,1.5,1.9,2.2,2.6,2.9,3.4,3.8,4.3,-,-,5.5,7.1,12.6,22.6,34.5,35.5,37.8,37.8,5,9,0.4,10.3,11/12/2015,4F1,11F1,37.2,7,19,1.2,-,,
28295,BdTR3m_R1S,BdTR3m,Clone2,1,688,BVZ0049,SRE,NCRIS-2,16C2,9/24/2015,10/2/2015,10/9/2015,0.0,1.2,1.5,1.9,2.1,2.2,2.7,3.1,3.3,3.8,4.1,4.5,5.7,6.2,5.5,7.1,9.1,10.7,14.3,22.6,46.7,46.7,5,8,0.3,7.0,11/25/2015,4G1,11G1,46.5,8,23,1.05,-,,
28296,BdTR1j_R1S,BdTR1j,Clone1,1,656,BVZ0049,SRE,NCRIS-2,16C3,9/24/2015,10/2/2015,10/8/2015,1.0,1.6,1.6,1.9,1.9,2.1,2.5,3.0,3.3,3.9,4.1,4.4,5.7,6.4,4.9,6.5,7.9,11.1,17.0,25.0,47.2,50.6,6,9,0.4,6.0,11/20/2015,4H1,11H1,50.3,8,27,0.96,-,,
28297,KEI5_R3S,KEI5,HYB2,3,426,BVZ0049,SRE,NCRIS-2,16C4,9/24/2015,10/2/2015,10/9/2015,0.0,0.0,1.1,1.4,1.7,1.9,2.4,2.9,3.3,3.9,4.3,4.6,-,-,7.7,11.0,18.2,30.4,38.5,45.0,47.1,47.1,8,10,0.5,10.8,11/12/2015,4A2,11A2,47.2,7,23,1.4,-,,
28298,BdTR10h_R3S,BdTR10h,Clone5,3,735,BVZ0049,SRE,NCRIS-2,16C5,9/24/2015,10/2/2015,10/9/2015,0.0,1.6,1.6,1.9,1.9,2.1,2.4,2.9,3.1,3.7,3.9,4.2,5.4,6.0,5.0,7.3,8.3,11.0,14.0,21.3,41.7,48.3,6,10,0.3,6.1,11/23/2015,4B2,11B2,49.1,8,24,0.96,-,,
28299,BdTR9g_R3S,BdTR9g,Clone4,3,722,BVZ0049,SRE,NCRIS-2,16D1,9/24/2015,10/2/2015,10/8/2015,0.0,1.2,1.5,1.9,1.9,2.1,2.5,2.9,3.2,3.7,3.9,4.2,5.4,6.0,5.4,7.9,9.3,12.1,15.4,21.7,38.1,49.5,7,10,0.3,6.3,11/25/2015,4C2,11C2,51.5,10,29,0.88,-,,
28300,ELI1_R3S,ELI1,HYB1,3,342,BVZ0049,SRE,NCRIS-2,16D2,9/24/2015,10/2/2015,10/9/2015,0.0,0.0,1.1,1.3,1.7,1.9,2.3,2.7,3.1,3.6,4.2,4.5,-,-,5.2,9.3,15.2,23.8,36.1,39.5,37.8,38.1,8,11,0.4,10.4,11/12/2015,4D2,11D2,37.7,10,22,1.32,-,,
28301,BdTR10o_R1S,BdTR10o,Clone5,1,741,BVZ0049,SRE,NCRIS-2,16D3,9/24/2015,10/2/2015,10/8/2015,1.2,1.5,1.9,1.9,2.0,2.3,2.8,3.1,3.3,3.9,4.1,4.4,5.6,6.2,4.3,6.5,8.6,11.8,14.6,21.8,38.6,45.0,6,9,0.3,6.5,11/23/2015,4E2,11E2,46.2,7,22,0.92,-,,
28302,GWW10_R2S,GWW10,HYB1,2,397,BVZ0049,SRE,NCRIS-2,16D4,9/24/2015,10/2/2015,10/8/2015,0.0,0.0,1.1,1.4,1.8,1.9,2.3,2.6,3.1,3.5,4.1,4.5,-,-,6.9,10.4,16.2,25.3,36.8,42.0,46.1,46.6,7,8,0.4,11.0,11/12/2015,4F2,11F2,46.6,7,19,1.33,-,,