PlantID,PlantName,Accession,ClonalGroup,Replicate,AccessionID,ExperimentID,User,GrowthLocation,TrayPosition,ChamberX,ChamberY,PlantingDate,IntoChamberDate,EmergenceDate,Sep30_GrowthStage,Oct2_GrowthStage,Oct5_GrowthStage,Oct7_GrowthStage,Oct9_GrowthStage ,Oct12_GrowthStage,Oct14_GrowthStage,Oct16_GrowthStage,Oct19_GrowthStage,Oct21_GrowthStage,Oct23_GrowthStage,Oct26_GrowthStage,Oct28_GrowthStage,Oct30_GrowthStage,Nov2_GrowthStage,Nov4_GrowthStage,Nov6_GrowthStage,Nov11_GrowthStage,Nov13_GrowthStage,Nov16_GrowthStage,Nov18_GrowthStage,Nov25_GrowthStage,Dec4_GrowthStage,Dec14_GrowthStage,Oct2_Heightcm,Oct9_Heightcm,Oct16_Heightcm,Oct23_Heightcm,Oct30_Heightcm,Nov6_Heightcm,Nov13_Heightcm,Nov20_Heightcm,Dec4_Heightcm,Dec14_Heightcm,Jan20_Heightcm,Mar4_Height,Mar22-23_Height,Apr12-13_Height,Apr27_Height,Final_Heightcm,Nov11_TillerCount,Jan20_TillerCount,Final_Tiller_Count,3rd_Leaf_Length,3rd_Leaf_Width,Jan6TissueHarvest DNA Location,Jan6 TissueHarvest RNA Location,EarEmergenceDate,Ear_Count,AboveSoil_BioMass_mg,Seed_Count,50seed_Weight
28303,BdTR9b_R3F,BdTR9b,Clone4,3,718,BVZ0049,SRE,NCRIS-5,1A1,1,1,9/14/2015,9/21/2015,9/27/2015,0.0,1.2,1.4,1.6,1.7,1.9,1.9,2.1,2.3,2.4,2.5,2.7,3.0,3.1,3.4,3.4,3.6,3.9,3.9,4.0,4.1,4.3,4.6,5.2,5.3,6.9,8.7,9.0,9.3,9.7,10.8,12.2,12.6,13.0,15.1,23.4,29.9,44.8,56.4,57.5,1,9,9,5.7,0.2,Sample Tube,Sample Tube,3/13/2016,30,0.86,,
28304,BdTR3d_R2F,BdTR3d,Clone2,2,680,BVZ0049,SRE,NCRIS-5,1A2,1,2,9/14/2015,9/21/2015,9/27/2015,0.0,1.1,1.3,1.5,1.6,1.9,2.1,2.1,2.4,2.5,2.7,3.1,3.2,3.3,3.6,3.7,3.9,4.0,4.2,4.2,4.3,4.5,5.1,5.4,4.3,6.1,6.3,6.4,7.3,7.9,9.5,9.6,10.5,11.6,14.2,26.8,37.8,53.4,58.3,59.4,2,8,8,4.9,0.2,Sample Tube,Sample Tube,3/11/2016,35,2.06,,
28305,BdTR5g_R1F,BdTR5g,Clone3,1,701,BVZ0049,SRE,NCRIS-5,1A3,1,3,9/14/2015,9/21/2015,9/27/2015,0.0,0.0,0.0,1.1,1.2,1.4,1.6,1.7,1.9,2.0,2.1,2.4,2.5,2.6,2.9,2.9,2.9,3.2,3.3,3.5,3.5,3.9,4.2,4.4,4.2,5.8,6.0,6.8,7.0,7.7,8.1,8.3,10.0,10.8,12.6,19.8,32.6,47.7,58.3,58.9,0,3,6,5.7,0.2,4A3,11A3,3/29/2016,34,1.64,,
28306,BdTR9f_R1F,BdTR9f,Clone4,1,721,BVZ0049,SRE,NCRIS-5,1A4,1,4,9/14/2015,9/21/2015,9/27/2015,0.0,1.0,1.1,1.3,1.5,1.8,1.9,2.0,2.2,2.3,2.5,2.7,2.9,3.0,3.1,3.3,3.5,3.7,3.9,3.9,4.0,4.3,4.5,5.0,5.4,7.0,5.8,5.8,9.5,10.2,10.0,12.3,13.9,14.4,17.3,26.3,37.8,66,73.7,76.3,1,6,12,5.9,0.2,4B3,11B3,3/19/2016,41,2.16,,
28307,BdTR13i_R1F,BdTR13i,Clone7,1,762,BVZ0049,SRE,NCRIS-5,1A5,1,5,9/14/2015,9/21/2015,9/27/2015,0.0,1.4,1.7,1.8,1.9,1.9,2.1,2.2,2.4,2.6,2.7,3.1,3.2,3.3,3.5,3.6,3.8,4.0,4.2,4.4,4.5,4.8,5.3,5.6,3.9,5.8,7.8,7.1,8.0,8.1,9.9,10.5,12.2,13.6,15.7,23.5,30.2,46.7,56.6,54.6,2,5,11,5.2,0.2,4C3,11C3,3/7/2016,36,1.75,,
28308,BdTR11h_R1F,BdTR11h,Clone6,1,749,BVZ0049,SRE,NCRIS-5,1B1,2,1,9/14/2015,9/21/2015,9/27/2015,1.0,1.1,1.3,1.4,1.6,1.9,1.9,2.0,2.2,2.5,2.5,2.7,2.9,3.0,3.2,3.3,3.4,3.7,3.9,3.9,4.0,4.3,4.6,5.2,4.8,5.9,7.5,7.4,8.1,8.5,8.5,10.4,11.0,12.1,14.6,26.5,39.3,55.8,59.8,60.2,0,5,10,6.1,0.2,4D3,11D3,3/4/2016,38,2.16,,
28309,BdTR2c_R1F,BdTR2c,Clone1,1,662,BVZ0049,SRE,NCRIS-5,1B2,2,2,9/14/2015,9/21/2015,9/27/2015,0.0,1.4,1.6,1.7,1.9,1.9,1.9,2.1,2.3,2.4,2.5,2.8,2.9,3.0,3.1,3.3,3.4,3.7,3.8,3.9,4.0,4.3,4.6,5.1,5.2,3.2,8.2,8.2,8.8,8.8,8.0,9.9,10.0,10.8,12.5,18.3,29.5,52.1,55.9,55.5,1,9,17,5.6,0.3,4E3,11E3,3/11/2016,41,1.85,,
28310,BdTR11h_R2F,BdTR11h,Clone6,2,749,BVZ0049,SRE,NCRIS-5,1B3,2,3,9/14/2015,9/21/2015,9/27/2015,0.0,0.0,1.2,1.3,1.4,1.7,1.9,1.9,1.9,2.0,2.1,2.4,2.5,2.7,2.9,2.9,3.0,3.2,3.3,3.5,3.6,3.9,4.3,4.6,3.1,4.7,6.7,6.9,6.7,8.3,8.9,9.1,11.3,11.6,12.8,23.1,33.2,57.7,65.6,66.4,0,6,8,6.0,0.2,4F3,11F3,3/9/2016,29,1.78,,
28311,KEI1_R3F,KEI1,HYB2,3,422,BVZ0049,SRE,NCRIS-5,1B4,2,4,9/14/2015,9/21/2015,9/28/2015,0.0,0.0,0.0,1.0,1.1,1.5,1.7,1.9,1.9,1.9,2.1,2.3,2.4,2.5,2.8,2.9,3.1,3.3,3.4,3.5,3.6,3.9,4.3,4.6,3.4,7.2,8.3,12.7,14.7,16.6,18.4,19.2,22.2,23.2,28,43.2,48.5,67.9,76.1,75.7,1,7,9,11.1,0.3,4G3,11G3,3/7/2016,33,3.15,,
28312,BdTR2b_R1F,BdTR2b,Clone1,1,661,BVZ0049,SRE,NCRIS-5,1B5,2,5,9/14/2015,9/21/2015,9/27/2015,0.0,1.1,1.2,1.5,1.6,1.9,1.9,1.9,2.2,2.3,2.5,2.7,2.9,2.9,3.1,3.2,3.3,3.6,3.7,3.9,3.9,4.2,4.5,4.9,4.9,5.9,6.8,7.0,8.1,8.5,8.3,9.9,10.9,10.9,12.4,22.1,33.1,53.3,56.7,56.7,1,8,15,5.4,0.3,4H3,11H3,3/7/2016,37,1.8,,
28313,BdTR9b_R2F,BdTR9b,Clone4,2,718,BVZ0049,SRE,NCRIS-5,1C1,3,1,9/14/2015,9/21/2015,9/27/2015,0.0,0.0,1.1,1.3,1.5,1.7,1.9,1.9,2.1,2.3,2.4,2.7,2.8,3.0,3.1,3.3,3.3,3.7,3.8,3.9,4.0,4.2,4.6,5.0,5.3,6.8,8.7,8.3,8.9,9.7,9.7,11.4,12.4,13.0,15,21.4,31.8,56.9,63.7,66.7,2,6,14,5.7,0.2,4A4,11A4,3/18/2016,33,1.97,,
28314,BdTR11d_R2F,BdTR11d,Clone6,2,745,BVZ0049,SRE,NCRIS-5,1C2,3,2,9/14/2015,9/21/2015,9/27/2015,0.0,0.0,1.1,1.2,1.4,1.6,1.9,1.9,1.9,2.0,2.1,2.4,2.5,2.6,2.9,3.0,3.1,3.4,3.5,3.6,3.7,4.0,4.4,4.9,3.0,5.3,6.9,5.8,8.5,9.5,9.7,9.8,11.6,11.6,14.8,24.1,34.6,59.1,66.3,67.4,1,5,11,6.6,0.2,4B4,11B4,3/8/2016,41,2.36,,
28315,BdTR3s_R2F,BdTR3s,Clone2,2,693,BVZ0049,SRE,NCRIS-5,1C3,3,3,9/14/2015,9/21/2015,9/27/2015,0.0,1.0,1.3,1.5,1.7,1.9,1.9,2.1,2.4,2.5,2.7,2.9,3.1,3.2,3.4,3.5,3.6,3.9,4.0,4.1,4.2,4.4,4.7,5.3,4.8,6.0,7.5,7.4,9.1,9.0,10.5,11.8,11.7,13.0,15.2,24.3,37.3,59.6,66.3,66.2,2,6,10,6.5,0.2,4C4,11C4,3/13/2016,42,2.77,,
28316,BRO1-1_R2F,BRO1-1,HYB1,2,278,BVZ0049,SRE,NCRIS-5,1C4,3,4,9/14/2015,9/21/2015,9/27/2015,0.0,0.0,0.0,1.1,1.3,1.5,1.7,1.9,1.9,2.1,2.2,2.5,2.6,2.7,2.9,3.0,3.1,3.3,3.4,3.5,3.6,3.9,4.3,4.6,5.6,9.5,10.7,14.9,15.8,19.0,22.0,23.5,27.3,29.0,33.6,51,63,85.9,95.2,96.7,1,4,6,12.7,0.4,4D4,11D4,3/8/2016,24,4.6,,
28317,BdTR10c_R1F,BdTR10c,Clone5,1,730,BVZ0049,SRE,NCRIS-5,1C5,3,5,9/14/2015,9/21/2015,9/27/2015,1.0,1.5,1.7,1.7,1.9,1.9,2.1,2.2,2.4,2.5,2.8,2.9,3.1,3.1,3.3,3.5,3.6,3.9,3.9,4.0,4.1,4.3,4.7,5.2,3.8,6.1,7.6,7.7,9.6,7.8,9.4,10.1,10.4,11.6,14.7,24.1,36.2,57.4,66.2,67.7,2,5,11,5.9,0.2,4E4,11E4,3/13/2016,39,1.81,,
28318,BdTR3d_R1F,BdTR3d,Clone2,1,680,BVZ0049,SRE,NCRIS-5,1D1,4,1,9/14/2015,9/21/2015,9/27/2015,1.1,1.0,1.1,1.2,1.5,1.7,1.9,2.1,2.3,2.5,2.7,2.9,2.9,3.1,3.2,3.3,3.5,3.8,3.9,4.0,4.1,4.4,4.7,5.1,3.4,4.4,4.7,4.9,6.6,7.0,7.3,8.7,9.2,11.3,13.7,21.2,31.7,50.6,55,55.8,1,3,9,5.0,0.2,4F4,11F4,3/11/2016,40,2.35,,
28319,BdTR3e_R2F,BdTR3e,Clone2,2,681,BVZ0049,SRE,NCRIS-5,1D2,4,2,9/14/2015,9/21/2015,9/27/2015,1.2,1.4,1.6,1.8,1.9,1.9,2.1,2.1,2.4,2.5,2.6,2.9,3.1,3.1,3.3,3.4,3.5,3.8,3.9,4.1,4.1,4.5,4.9,5.3,4.9,6.3,8.0,8.4,9.3,9.4,9.8,11.0,11.0,12.4,15.6,24.7,34,58.6,61.7,60.3,2,6,15,6.5,0.3,4G4,11G4,3/15/2016,43,2.43,,
28320,BdTR10f_R1F,BdTR10f,Clone4,1,733,BVZ0049,SRE,NCRIS-5,1D3,4,3,9/14/2015,9/21/2015,9/27/2015,1.0,1.5,1.8,1.9,1.9,2.1,2.2,2.4,2.8,2.9,2.9,3.0,3.2,3.3,3.5,3.6,3.7,3.9,4.0,4.1,4.2,4.5,4.8,5.3,4.8,6.8,6.0,7.3,8.7,8.3,9.8,10.6,10.5,11.1,13.5,22.1,32.4,53.1,59.4,60.8,2,4,12,5.4,0.2,4H4,11H4,3/15/2016,40,1.89,,
28321,BdTR5g_R3F,BdTR5g,Clone3,3,701,BVZ0049,SRE,NCRIS-5,1D4,4,4,9/14/2015,9/21/2015,9/27/2015,0.0,0.0,1.1,1.2,1.5,1.7,1.9,1.9,2.0,2.1,2.2,2.5,2.6,2.7,2.9,3.0,3.1,3.3,3.4,3.5,3.7,4.0,4.4,4.7,4.3,5.7,7.1,8.1,8.1,9.1,9.1,9.2,11.0,11.1,15.2,22.4,33,52.2,60.6,63.2,1,5,8,6.9,0.2,4A5,11A5,3/29/2016,48,2.17,,
28322,BdTR2g_R1F,BdTR2g,Clone1,1,666,BVZ0049,SRE,NCRIS-5,2A1,5,1,9/14/2015,9/21/2015,9/27/2015,0.0,1.2,1.4,1.6,1.7,1.9,1.9,2.1,2.3,2.5,2.6,2.9,3.0,3.1,3.3,3.4,3.5,3.8,3.9,4.0,4.1,4.3,4.5,5.2,4.6,5.2,6.2,6.3,8.8,8.3,8.5,10.0,10.0,10.2,10.3,15.2,25.2,44.6,48.5,44.7,2,9,16,4.9,0.2,4B5,11B5,3/13/2016,36,1.15,,
28323,BdTR2n_R1F,BdTR2n,Clone1,1,672,BVZ0049,SRE,NCRIS-5,2A2,5,2,9/14/2015,9/21/2015,9/27/2015,0.0,1.2,1.4,1.5,1.6,1.9,1.9,1.9,2.1,2.3,2.4,2.6,2.7,2.9,3.0,3.1,3.2,3.5,3.6,3.7,3.8,4.1,4.5,4.9,4.3,5.2,7.3,7.6,8.0,8.5,8.2,8.8,10.0,10.1,13,21,28.9,51.8,57.1,58.2,1,5,13,5.7,0.2,4C5,11C5,3/11/2016,40,1.94,,
28324,BdTR3c_R2F,BdTR3c,Clone2,2,679,BVZ0049,SRE,NCRIS-5,2A3,5,3,9/14/2015,9/21/2015,9/27/2015,0.0,1.2,1.4,1.6,1.8,1.9,2.0,2.1,2.3,2.5,2.7,2.9,3.1,3.2,3.4,3.5,3.7,3.9,4.1,4.1,4.2,4.5,5.1,5.4,4.5,5.8,7.6,7.6,8.7,8.8,10.3,11.1,11.9,13.0,14.7,26,38.6,59.5,66.9,67.6,2,5,12,6.5,0.2,4D5,11D5,3/11/2016,35,2.11,,
28325,BdTR3i_R2F,BdTR3i,Clone2,2,685,BVZ0049,SRE,NCRIS-5,2A4,5,4,9/14/2015,9/21/2015,9/27/2015,1.0,1.4,1.6,1.9,1.9,1.9,2.1,2.2,2.4,2.6,2.7,3.0,3.1,3.2,3.5,3.6,3.7,3.9,4.0,4.2,4.3,4.5,5.1,5.4,4.4,6.3,8.2,8.0,9.5,9.6,11.2,11.7,12.3,13.4,16.5,28.3,41.3,55.1,68.8,69.1,2,6,11,6.7,0.2,4E5,11E5,3/13/2016,49,2.77,,
28326,BdTR3r_R3F,BdTR3r,Clone2,3,692,BVZ0049,SRE,NCRIS-5,2A5,5,5,9/14/2015,9/21/2015,9/27/2015,0.0,1.3,1.5,1.7,1.9,1.9,2.0,2.1,2.3,2.5,2.6,2.9,3.0,3.1,3.3,3.4,3.6,3.9,3.9,4.1,4.1,4.4,4.9,5.3,4.0,5.3,7.6,7.7,8.8,8.9,10.0,11.2,11.9,13.5,16.6,25,34.5,63.5,66,66.7,2,7,11,6.0,0.2,4F5,11F5,3/13/2016,37,2.22,,
28327,BdTR5j_R3F,BdTR5j,Clone3,3,704,BVZ0049,SRE,NCRIS-5,2B1,6,1,9/14/2015,9/21/2015,9/27/2015,0.0,1.1,1.2,1.6,1.7,1.9,1.9,2.0,2.2,2.3,2.5,2.8,2.9,2.9,3.1,3.2,3.3,3.5,3.7,3.8,3.9,4.1,4.5,4.8,4.9,6.0,6.3,6.9,8.1,8.4,8.7,9.5,9.8,10.2,12.9,20.3,31,45.2,50.7,52.6,1,5,10,6.3,0.2,4G5,11G5,3/29/2016,50,1.99,,
28328,Bd21_R16F,Bd21,Bd21,16,4741,BVZ0049,SRE,NCRIS-5,2B2,6,2,9/14/2015,9/21/2015,9/27/2015,0.0,1.0,1.2,1.4,1.5,1.8,1.9,2.0,2.2,2.3,2.5,2.7,2.9,3.0,3.1,3.3,3.4,3.7,3.8,4.0,4.0,4.3,4.6,5.1,4.6,6.5,7.6,7.9,8.6,8.7,8.9,10.4,10.5,11.1,13,21.3,31.2,47.6,48.3,48.3,0,4,9,5.6,0.3,4H5,11H5,3/4/2016,30,1.54,,
28329,BdTR10i_R3F,BdTR10i,Clone5,3,736,BVZ0049,SRE,NCRIS-5,2B3,6,3,9/14/2015,9/21/2015,9/27/2015,1.3,1.6,1.9,1.9,1.9,2.2,2.3,2.5,2.7,2.9,3.0,3.2,3.3,3.5,3.7,3.8,3.9,4.1,4.1,4.2,4.4,4.6,5.1,5.4,3.8,6.2,7.6,7.8,8.4,9.1,10.5,10.6,11.4,12.7,15.4,23.4,34.2,62,65.5,65.7,1,5,13,6.0,0.2,4A6,11A6,3/13/2016,40,1.84,,
28330,BdTR13g_R1F,BdTR13g,Clone7,1,760,BVZ0049,SRE,NCRIS-5,2B4,6,4,9/14/2015,9/21/2015,9/27/2015,1.2,1.4,1.6,1.7,1.9,2.0,2.1,2.4,2.6,2.9,2.9,3.2,3.3,3.5,3.7,3.9,3.9,4.2,4.3,4.5,4.6,4.9,4.4,5.7,4.4,5.2,6.4,7.0,8.3,9.5,10.6,11.2,11.3,13.7,18.1,32,41.2,63,61.7,60.2,0,5,10,5.4,0.2,4B6,11B6,3/4/2016,37,1.97,,
28331,BdTR9g_R2F,BdTR9g,Clone4,2,722,BVZ0049,SRE,NCRIS-5,2B5,6,5,9/14/2015,9/21/2015,9/27/2015,0.0,1.1,1.4,1.5,1.7,1.9,1.9,1.9,2.1,2.3,2.4,2.6,2.7,2.7,3.1,3.2,3.3,3.6,3.7,3.9,3.9,4.1,4.4,4.7,4.6,6.2,8.5,9.0,9.1,9.6,9.8,11.2,12.4,12.5,14.7,22.3,31.1,62.2,73.5,74.8,2,6,11,5.5,0.2,4C6,11C6,3/25/2016,39,2.21,,
28332,BdTR13c_R2F,BdTR13c,Clone7,2,756,BVZ0049,SRE,NCRIS-5,2C1,7,1,9/14/2015,9/21/2015,9/27/2015,1.0,1.4,1.7,1.8,1.9,2.0,2.1,2.4,2.6,2.7,2.9,3.2,3.3,3.5,3.7,3.9,3.9,4.1,4.3,4.4,4.5,4.9,4.3,5.7,3.3,4.8,6.1,6.1,7.2,8.0,9.3,9.9,11.6,12.6,16.3,25.8,35.6,50.4,53.8,54.4,1,4,10,4.7,0.2,4D6,11D6,3/4/2016,37,1.98,,
28333,ELI10_R2F,ELI10,HYB1,2,349,BVZ0049,SRE,NCRIS-5,2C2,7,2,9/14/2015,9/21/2015,9/27/2015,0.0,0.0,1.1,1.3,1.5,1.9,1.9,1.9,2.1,2.3,2.5,2.8,2.9,3.1,3.2,3.3,3.4,3.7,3.8,3.9,4.0,4.3,4.6,5.1,4.7,7.0,11.1,13.8,16.5,19.0,20.3,24.2,27.0,27.8,33.6,49.7,53.1,63.9,70.4,70,2,5,7,12.0,0.4,4E6,11E6,3/4/2016,45,4.02,,
28334,BdTR11f_R3F,BdTR11f,Clone6,3,747,BVZ0049,SRE,NCRIS-5,2C3,7,3,9/14/2015,9/21/2015,9/27/2015,0.0,1.1,1.3,1.6,1.7,1.9,1.9,1.9,2.2,2.3,2.4,2.6,2.7,3.0,3.1,3.3,3.3,3.6,3.7,3.9,4.0,4.3,4.6,5.1,4.3,6.2,8.7,8.4,9.6,10.0,10.3,12.3,12.3,13.1,16,28.6,40,66.6,73.1,73.6,0,5,8,7.2,0.3,4F6,11F6,3/9/2016,38,2.46,,
28335,BLA1_R2F,BLA1,HYB1,2,252,BVZ0049,SRE,NCRIS-5,2C4,7,4,9/14/2015,9/21/2015,9/27/2015,0.0,0.0,0.0,1.2,1.3,1.6,1.9,1.9,2.0,2.1,2.2,2.5,2.6,2.8,2.9,3.1,3.1,3.4,3.5,3.7,3.7,4.1,4.4,4.7,4.8,7.9,9.7,13.7,14.7,18.5,20.7,23.1,28.0,28.8,34.8,52.6,55.9,68.8,41.9,75.7,1,4,10,12.5,0.4,4G6,11G6,3/4/2016,39,4.04,,
28336,BdTR1f_R1F,BdTR1f,Clone1,1,652,BVZ0049,SRE,NCRIS-5,2C5,7,5,9/14/2015,9/21/2015,9/27/2015,1.3,1.4,1.6,1.7,1.9,1.9,2.1,2.1,2.3,2.5,2.6,2.9,3.0,3.1,3.4,3.5,3.6,3.9,3.9,4.1,4.1,4.3,4.7,5.1,5.0,6.3,8.2,8.1,8.0,9.0,9.8,11.1,11.4,12.6,14.7,21.6,31.8,56.9,64,64.2,2,8,13,5.9,0.3,4H6,11H6,3/11/2016,38,1.59,,
28337,BdTR10g_R3F,BdTR10g,Clone5,3,734,BVZ0049,SRE,NCRIS-5,2D1,8,1,9/14/2015,9/21/2015,9/27/2015,1.2,1.4,1.6,1.8,1.9,1.9,2.0,2.1,2.3,2.4,2.6,2.8,3.0,3.1,3.3,3.4,3.5,3.7,3.9,3.9,4.0,4.3,4.6,5.0,3.8,5.4,7.1,6.8,7.5,7.4,7.7,8.6,9.0,9.7,13.6,20.1,27.4,50.7,58.9,58.3,2,4,16,5.0,0.2,4A7,11A7,3/19/2016,42,1.74,,
28338,BdTR3f_R2F,BdTR3f,Clone2,2,682,BVZ0049,SRE,NCRIS-5,2D2,8,2,9/14/2015,9/21/2015,9/27/2015,1.3,1.4,1.6,1.9,1.9,2.1,2.2,2.3,2.5,2.7,3.0,3.3,3.3,3.4,3.6,3.8,3.9,4.2,4.2,4.4,4.5,4.8,5.3,5.7,5.2,7.2,8.1,8.1,8.6,9.6,10.6,10.8,12.5,12.7,16.5,29.3,41,60.2,64.5,65.9,2,6,12,6.2,0.3,4B7,11B7,3/9/2016,37,2.44,,
28339,KEI5_R1F,KEI5,HYB2,1,426,BVZ0049,SRE,NCRIS-5,2D3,8,3,9/14/2015,9/21/2015,9/27/2015,0.0,0.0,1.1,1.3,1.5,1.9,1.9,1.9,2.2,2.3,2.7,2.8,2.9,3.0,3.1,3.3,3.3,3.7,3.7,3.9,4.0,4.3,4.6,5.2,5.7,8.6,12.4,15.2,18.1,21.3,22.4,26.3,29.4,30.5,36.6,50.7,55,66.3,75.2,75.3,1,8,10,12.8,0.4,4C7,11C7,3/4/2016,38,3.93,,
28340,EGL7_R2F,EGL7,HYB1,2,338,BVZ0049,SRE,NCRIS-5,2D4,8,4,9/14/2015,9/21/2015,9/27/2015,0.0,0.0,1.0,1.2,1.3,1.6,1.8,1.9,2.1,2.2,2.3,2.6,2.7,2.9,3.1,3.2,3.2,3.5,3.5,3.7,3.7,4.1,4.4,4.7,6.0,8.7,10.4,13.7,16.1,19.4,20.4,21.7,25.5,25.0,31.6,52.5,57.5,68.5,73.9,74,1,8,9,11.9,0.3,4D7,11D7,3/4/2016,37,3.45,,
28341,BdTR3k_R1F,BdTR3k,Clone2,1,687,BVZ0049,SRE,NCRIS-5,3A1,9,1,9/14/2015,9/21/2015,9/27/2015,0.0,0.0,1.2,1.4,1.6,1.7,1.9,1.9,2.1,2.2,2.4,2.6,2.6,2.7,3.2,3.3,3.4,3.7,3.9,3.9,4.0,4.3,4.7,5.1,3.3,5.1,6.2,6.7,6.7,6.8,6.9,8.5,8.8,10.0,14.7,24.8,32.5,51.3,57.7,58.4,0,4,10,4.9,0.2,4E7,11E7,3/11/2016,36,1.99,,
28342,Bd21_R11F,Bd21,Bd21,11,4741,BVZ0049,SRE,NCRIS-5,3A2,9,2,9/14/2015,9/21/2015,9/27/2015,0.0,0.0,1.2,1.4,1.6,1.9,1.9,2.0,2.2,2.3,2.4,2.7,2.7,3.0,3.1,3.3,3.4,3.7,3.8,4.1,4.1,4.3,4.7,5.1,4.7,6.2,8.2,8.5,8.6,8.9,9.0,10.1,10.0,11.0,12.8,21.2,36,55.5,55.7,56.3,1,4,7,5.8,0.3,4F7,11F7,3/11/2016,29,1.48,,
28343,BdTR5i_R1F,BdTR5i,Clone3,1,703,BVZ0049,SRE,NCRIS-5,3A3,9,3,9/14/2015,9/21/2015,9/27/2015,0.0,1.0,1.2,1.3,1.5,1.8,1.9,1.9,2.1,2.3,2.4,2.6,2.7,2.9,3.0,3.1,3.1,3.5,3.5,3.7,3.8,4.1,4.4,4.7,4.7,5.5,7.0,7.4,7.7,8.7,8.7,9.3,10.6,10.7,14.8,23.3,35.2,49.5,59.5,64.8,1,4,7,7.6,0.2,4G7,11G7,4/3/2016,46,2.33,,
28344,BdTR5a_R3F,BdTR5a,Clone3,3,695,BVZ0049,SRE,NCRIS-5,3A4,9,4,9/14/2015,9/21/2015,9/27/2015,0.0,0.0,1.1,1.2,1.4,1.6,1.7,1.9,2.0,2.1,2.2,2.5,2.6,2.7,2.9,2.9,3.0,3.3,3.4,3.5,3.7,3.9,4.3,4.5,4.2,5.7,6.4,7.4,7.5,8.6,8.3,9.4,11.3,11.2,12.5,20.4,29.7,50.4,59.9,68.7,0,5,7,6.3,0.2,4H7,11H7,4/2/2016,41,2.1,,
28345,GUL3-8_R1F,GUL3-8,HYB1,1,389,BVZ0049,SRE,NCRIS-5,3A5,9,5,9/14/2015,9/21/2015,9/27/2015,0.0,0.0,1.0,1.2,1.3,1.6,1.7,1.9,2.1,2.2,2.3,2.6,2.7,2.9,3.0,3.2,3.2,3.5,3.5,3.5,3.6,3.9,4.4,4.7,5.2,7.8,9.6,12.8,14.4,17.6,18.7,19.3,21.5,22.0,29.7,47.7,52,65.6,72.1,72.7,1,6,12,11.5,0.3,4A8,11A8,3/4/2016,37,3.57,,
28346,BdTR10n_R2F,BdTR10n,Clone6,2,740,BVZ0049,SRE,NCRIS-5,3B1,10,1,9/14/2015,9/21/2015,9/27/2015,0.0,1.0,1.2,1.3,1.5,1.7,1.9,1.9,2.1,2.2,2.3,2.5,2.6,2.7,3.1,3.2,3.3,3.7,3.8,3.9,4.0,4.3,4.6,5.1,4.8,6.3,8.0,8.6,8.7,9.0,8.7,11.0,11.2,12.4,17,27.4,35.6,57.1,65.5,66.5,2,5,10,6.0,0.3,4B8,11B8,3/8/2016,36,2.21,,
28347,BdTR2d_R2F,BdTR2d,Clone1,2,663,BVZ0049,SRE,NCRIS-5,3B2,10,2,9/14/2015,9/21/2015,9/27/2015,1.1,1.6,1.7,1.9,1.9,1.9,2.1,2.2,2.4,2.5,2.6,2.8,3.2,3.3,3.6,3.6,3.7,3.9,4.0,4.1,4.1,4.5,4.8,5.2,5.6,7.3,8.4,8.4,8.8,8.5,10.1,11.5,11.5,13.0,15.9,25.2,34.2,54.3,61,62,2,6,14,5.6,0.3,4C8,11C8,3/9/2016,41,2.27,,
28348,BdTR1j_R3F,BdTR1j,Clone1,3,656,BVZ0049,SRE,NCRIS-5,3B3,10,3,9/14/2015,9/21/2015,9/27/2015,0.0,1.2,1.3,1.5,1.6,1.9,1.9,1.9,2.2,2.3,2.5,2.7,2.8,2.9,3.1,3.2,3.3,3.5,3.7,3.8,3.9,4.1,4.5,4.9,5.0,6.1,7.5,7.6,8.0,8.7,8.5,9.7,10.6,11.0,14.4,22.7,31.4,51.4,59.4,60,1,5,14,5.6,0.2,4D8,11D8,3/11/2016,35,1.83,,
28349,BdTR3f_R3F,BdTR3f,Clone2,3,682,BVZ0049,SRE,NCRIS-5,3B4,10,4,9/14/2015,9/21/2015,9/27/2015,1.2,1.3,1.7,1.9,1.9,2.0,2.1,2.3,2.5,2.6,2.7,3.2,3.3,3.4,3.6,3.7,3.9,4.2,4.3,4.4,4.4,4.7,5.2,5.5,4.7,7.0,8.2,7.7,8.7,8.7,10.5,10.5,12.2,13.2,16.6,29.2,39.8,59.6,63.4,65.1,2,5,11,6.4,0.2,4E8,11E8,3/11/2016,29,2.06,,
28350,Bd21_R2F,Bd21,Bd21,2,4741,BVZ0049,SRE,NCRIS-5,3B5,10,5,9/14/2015,9/21/2015,9/27/2015,0.0,1.1,1.4,1.5,1.7,1.9,1.9,2.1,2.3,2.4,2.5,2.7,3.1,3.1,3.3,3.4,3.5,3.8,3.9,4.0,4.1,4.4,4.7,5.1,5.3,6.4,8.3,8.2,8.1,8.4,8.9,9.5,10.9,10.9,12.4,21.8,39,54.6,54.6,54.7,1,5,8,6.7,0.3,4F8,11F8,3/7/2016,23,1.29,,
28351,BdTR5g_R2F,BdTR5g,Clone3,2,701,BVZ0049,SRE,NCRIS-5,3C1,11,1,9/14/2015,9/21/2015,9/27/2015,0.0,0.0,1.1,1.1,1.4,1.6,1.8,1.9,2.0,2.1,2.3,2.5,2.6,2.7,2.9,3.0,3.1,3.3,3.6,3.7,3.7,3.9,4.3,4.7,4.1,5.5,6.3,7.2,7.0,8.0,8.0,8.2,10.4,10.4,14.3,20.1,31.5,46.3,53.7,56.9,0,3,10,5.8,0.2,4G8,11G8,3/30/2016,46,2.14,,
28352,BdTR13j_R2F,BdTR13j,Clone7,2,763,BVZ0049,SRE,NCRIS-5,3C2,11,2,9/14/2015,9/21/2015,9/27/2015,1.1,1.3,1.5,1.7,1.9,1.9,2.0,2.1,2.4,2.5,2.7,2.7,3.2,3.3,3.5,3.7,3.8,4.1,4.3,4.4,4.5,4.9,5.3,5.7,3.5,5.2,6.8,6.8,7.5,7.9,8.8,9.6,11.4,11.7,15.9,29.2,39.8,53.7,56.8,58.2,1,5,9,5.8,0.2,4H8,11H8,3/4/2016,31,1.74,,
28353,BdTR2b_R2F,BdTR2b,Clone1,2,661,BVZ0049,SRE,NCRIS-5,3C3,11,3,9/14/2015,9/21/2015,9/27/2015,1.2,1.3,1.5,1.6,1.8,1.9,2.0,2.2,2.4,2.5,2.6,3.0,3.1,3.2,3.3,3.5,3.6,3.9,3.9,4.0,4.1,4.4,4.8,5.2,5.8,6.2,7.8,8.0,7.8,8.2,8.5,10.3,10.6,11.8,14.4,21.2,31,56.7,64.3,65.3,2,7,12,5.0,0.3,4A9,11A9,3/9/2016,31,1.33,,
28354,BdTR13k_R2F,BdTR13k,Clone7,2,764,BVZ0049,SRE,NCRIS-5,3C4,11,4,9/14/2015,9/21/2015,9/27/2015,1.2,1.4,1.6,1.8,1.9,2.0,2.1,2.3,2.5,2.7,2.7,3.1,3.3,3.4,3.6,3.7,3.9,4.0,4.3,4.4,4.4,4.8,5.3,5.7,4.4,6.0,7.1,7.4,8.5,8.8,10.0,10.8,13.0,13.7,16.8,30.3,36.6,54.1,57.1,57.1,2,5,8,5.6,0.2,4B9,11B9,3/4/2016,39,1.82,,
28355,BdTR3k_R3F,BdTR3k,Clone2,3,687,BVZ0049,SRE,NCRIS-5,3C5,11,5,9/14/2015,9/21/2015,9/27/2015,0.0,1.1,1.3,1.5,1.6,1.9,2.0,2.1,2.4,2.5,2.7,3.1,3.2,3.2,3.5,3.6,3.7,3.9,4.0,4.2,4.3,4.5,4.9,5.4,4.2,5.5,6.3,6.1,7.5,7.5,9.0,9.2,9.9,11.8,16,27.9,35.5,57.9,64.5,65.3,1,8,8,5.1,0.2,4C9,11C9,3/16/2016,24,1.68,,
28356,BdTR9b_R1F,BdTR9b,Clone4,1,718,BVZ0049,SRE,NCRIS-5,3D1,12,1,9/14/2015,9/21/2015,9/27/2015,0.0,1.2,1.4,1.7,1.9,1.9,1.9,2.0,2.2,2.3,2.5,2.6,2.7,3.1,3.2,3.4,3.5,3.8,3.9,4.0,4.0,4.3,4.7,5.1,3.5,6.2,8.5,8.9,8.7,8.7,8.2,10.6,11.5,12.7,14.9,20.3,29.3,51.7,60.2,65.2,2,6,15,5.4,0.2,4D9,11D9,3/21/2016,35,2.06,,
28357,BdTR5m_R2F,BdTR5m,Clone3,2,706,BVZ0049,SRE,NCRIS-5,3D2,12,2,9/14/2015,9/21/2015,9/27/2015,0.0,0.0,1.2,1.3,1.5,1.7,1.9,1.9,2.0,2.2,2.3,2.5,2.7,2.7,2.9,3.0,3.1,3.4,3.5,3.7,3.7,4.0,4.3,4.7,4.0,5.3,6.5,7.0,6.9,7.8,7.9,8.5,9.8,9.9,13.1,18.7,28.7,44.2,53.5,57.9,1,4,8,5.9,0.2,4E9,11E9,3/31/2016,41,2.21,,
28358,BdTR11g_R3F,BdTR11g,Clone6,3,748,BVZ0049,SRE,NCRIS-5,3D3,12,3,9/14/2015,9/21/2015,9/27/2015,0.0,1.2,1.4,1.6,1.9,1.9,1.9,2.1,2.3,2.4,2.5,2.7,3.1,3.1,3.3,3.4,3.5,3.8,3.9,4.0,4.1,4.4,4.9,5.3,4.7,6.2,8.7,8.6,9.5,9.3,10.1,11.6,11.7,12.7,15.9,27.2,40.4,59.3,64.1,65.5,2,6,12,5.5,0.3,4F9,11F9,3/8/2016,38,2.57,,
28359,BdTR1n_R3F,BdTR1n,Clone1,3,659,BVZ0049,SRE,NCRIS-5,3D4,12,4,9/14/2015,9/21/2015,9/27/2015,0.0,1.3,1.5,1.6,1.7,1.9,1.9,2.1,2.3,2.5,2.5,2.7,2.9,3.1,3.2,3.3,3.4,3.7,3.9,3.9,4.0,4.3,4.6,5.1,5.6,6.3,8.0,8.7,8.3,8.6,8.6,10.4,10.6,11.5,13.8,17.9,28.1,48.6,52.5,53,2,9,17,5.9,0.3,4G9,11G9,3/11/2016,41,1.94,,
28360,BdTR9f_R2F,BdTR9f,Clone4,2,721,BVZ0049,SRE,NCRIS-5,4A1,13,1,9/14/2015,9/21/2015,9/27/2015,0.0,1.3,1.5,1.7,1.9,1.9,1.9,2.1,2.3,2.4,2.7,2.8,3.1,3.2,3.4,3.5,3.6,3.8,4.1,4.1,4.2,4.5,4.9,5.2,5.1,6.7,8.8,9.0,9.6,9.3,10.6,11.2,11.8,13.5,16.4,22.1,32.6,54.4,63.3,65.5,2,6,17,6.0,0.2,4H9,11H9,3/18/2016,39,2.3,,
28361,BdTR13a_R1F,BdTR13a,Clone7,1,754,BVZ0049,SRE,NCRIS-5,4A2,13,2,9/14/2015,9/21/2015,9/27/2015,1.4,1.4,1.7,1.9,1.9,1.9,2.1,2.2,2.4,2.6,2.7,3.1,3.2,3.3,3.6,3.7,3.8,4.1,4.2,4.4,4.5,4.8,5.2,5.7,4.4,6.1,7.3,7.2,8.3,8.2,10.0,10.4,11.5,13.7,17,28,36.1,50.6,54,55.2,2,4,10,6.4,0.2,4A10,11A10,3/4/2016,33,2.02,,
28362,BdTR2b_R3F,BdTR2b,Clone1,3,661,BVZ0049,SRE,NCRIS-5,4A3,13,3,9/14/2015,9/21/2015,9/27/2015,0.0,0.0,1.2,1.5,1.6,1.9,1.9,1.9,2.0,2.2,2.3,2.6,2.7,2.9,2.9,3.0,3.0,3.4,3.5,3.6,3.7,3.9,4.3,4.6,3.1,4.3,5.6,6.0,6.3,7.7,7.9,8.1,10.5,10.2,13,17.2,26.1,45.7,54.5,54.8,0,4,11,5.2,0.2,4B10,11B10,3/13/2016,31,1.45,,
28363,BdTR5n_R1F,BdTR5n,Clone3,1,707,BVZ0049,SRE,NCRIS-5,4A4,13,4,9/14/2015,9/21/2015,9/27/2015,0.0,0.0,1.1,1.2,1.4,1.6,1.9,1.9,2.0,2.1,2.2,2.4,2.6,2.7,2.9,3.0,3.1,3.4,3.5,3.7,3.7,4.0,4.3,4.7,3.8,5.0,5.9,6.6,6.7,7.6,7.6,8.4,10.1,10.1,12.2,18.4,31.6,49.3,61.5,70,0,4,8,5.5,0.2,4C10,11C10,4/2/2016,44,2.3,,
28364,BdTR11i_R3F,BdTR11i,Clone6,3,750,BVZ0049,SRE,NCRIS-5,4A5,13,5,9/14/2015,9/21/2015,9/28/2015,0.0,0.0,1.3,1.5,1.6,1.9,1.9,2.0,2.3,2.4,2.5,2.8,2.9,3.1,3.3,3.4,3.5,3.9,3.9,4.1,4.1,4.4,4.8,5.2,3.8,6.0,8.1,8.4,9.4,9.6,10.6,12.3,12.5,13.7,17.2,24.6,37.8,61.2,69.6,71.9,0,7,11,6.3,0.3,4D10,11D10,3/11/2016,36,2.45,,
28365,BdTR10b_R3F,BdTR10b,Clone5,3,729,BVZ0049,SRE,NCRIS-5,4B1,14,1,9/14/2015,9/21/2015,9/27/2015,1.3,1.4,1.7,1.9,1.9,1.9,2.1,2.3,2.5,2.7,2.8,2.9,3.1,3.1,3.3,3.4,3.5,3.7,3.9,4.0,4.1,4.5,4.7,5.1,4.2,6.0,6.7,6.8,8.2,8.3,8.7,9.7,10.0,11.1,14.6,20.6,32,51.3,57.7,58.5,1,4,14,5.6,0.2,4E10,11E10,3/16/2016,40,2.21,,
28366,BdTR5f_R2F,BdTR5f,Clone3,2,700,BVZ0049,SRE,NCRIS-5,4B2,14,2,9/14/2015,9/21/2015,9/27/2015,0.0,0.0,1.1,1.2,1.3,1.5,1.7,1.9,2.0,2.1,2.1,2.5,2.5,2.6,2.7,2.9,3.0,3.3,3.3,3.4,3.5,3.9,4.2,4.6,4.2,5.7,6.5,8.8,7.9,8.1,8.5,8.9,10.8,11.1,13,20.1,29.6,45.3,57.1,66.8,1,3,6,6.3,0.2,4F10,11F10,3/30/2016,28,1.75,,
28367,BdTR5c_R3F,BdTR5c,Clone3,3,697,BVZ0049,SRE,NCRIS-5,4B3,14,3,9/14/2015,9/21/2015,9/27/2015,0.0,0.0,1.1,1.3,1.4,1.6,1.8,1.9,2.0,2.2,2.3,2.5,2.6,2.7,2.9,3.0,3.1,3.4,3.5,3.7,3.7,4.0,4.4,4.7,5.0,6.1,6.8,7.5,7.5,8.9,8.8,9.0,10.9,10.9,14.5,21.2,30.6,48.2,59.4,66.9,0,4,8,6.3,0.2,4G10,11G10,4/4/2016,39,2.19,,
28368,BdTR3h_R1F,BdTR3h,Clone2,1,684,BVZ0049,SRE,NCRIS-5,4B4,14,4,9/14/2015,9/21/2015,9/27/2015,1.0,1.0,1.6,1.8,1.9,1.9,2.0,2.1,2.4,2.5,2.6,2.9,3.1,3.2,3.4,3.5,3.7,3.9,4.1,4.2,4.3,4.6,5.1,5.4,4.3,6.4,8.3,8.5,9.6,10.0,11.1,12.0,12.4,13.7,17,27.2,37.1,55.4,63,64.6,2,7,12,6.6,0.3,4H10,11H10,3/11/2016,38,2.73,,
28369,BdTR3j_R3F,BdTR3j,Clone2,3,686,BVZ0049,SRE,NCRIS-5,4B5,14,5,9/14/2015,9/21/2015,9/27/2015,0.0,1.1,1.3,1.5,1.7,1.9,1.9,2.1,2.3,2.5,2.6,2.9,2.9,3.0,3.2,3.3,3.5,3.8,3.9,4.1,4.1,4.4,4.9,5.3,4.3,5.0,6.7,7.0,8.5,8.5,9.6,10.7,10.9,12.4,16,19.7,32.6,57,64.1,66.4,2,6,8,6.1,0.2,4A11,11A11,3/19/2016,24,1.75,,
28370,BdTR5e_R3F,BdTR5e,Clone3,3,699,BVZ0049,SRE,NCRIS-5,4C1,15,1,9/14/2015,9/21/2015,9/27/2015,0.0,0.0,1.1,1.2,1.4,1.6,1.7,1.9,2.0,2.1,2.2,2.4,2.5,2.7,2.9,3.0,3.1,3.3,3.4,3.6,3.7,3.9,4.3,4.6,4.8,5.8,6.5,7.4,7.4,8.9,9.0,9.0,11.2,11.4,13.4,20.2,30,46.8,57.4,64.5,1,4,9,6.5,0.2,4B11,11B11,4/1/2016,47,2.31,,
28371,BdTR10n_R1F,BdTR10n,Clone6,1,740,BVZ0049,SRE,NCRIS-5,4C2,15,2,9/14/2015,9/21/2015,9/28/2015,0.0,0.0,0.0,1.0,1.1,1.3,1.5,1.6,1.9,1.9,1.9,2.1,2.2,2.3,2.5,2.7,2.7,3.1,3.1,3.3,3.4,3.7,4.1,4.4,2.3,5.2,5.6,7.7,8.1,8.2,9.3,9.5,10.8,11.6,13.6,24.7,34.8,57.2,66.6,68.5,0,5,6,6.4,0.2,4C11,11C11,3/9/2016,22,1.59,,
28372,BdTR10c_R3F,BdTR10c,Clone5,3,730,BVZ0049,SRE,NCRIS-5,4C3,15,3,9/14/2015,9/21/2015,9/27/2015,0.0,1.3,1.6,1.8,1.9,1.9,2.1,2.3,2.5,2.6,2.8,2.9,3.1,3.2,3.3,3.5,3.5,3.9,3.9,4.0,4.1,4.4,4.7,5.1,4.6,6.6,7.7,7.4,8.8,8.9,9.6,10.2,10.6,11.4,14.7,23,36.2,54.8,61.7,63.7,1,5,10,5.8,0.2,4D11,11D11,3/15/2016,27,1.6,,
28373,BdTR2h_R3F,BdTR2h,Clone1,3,667,BVZ0049,SRE,NCRIS-5,4C4,15,4,9/14/2015,9/21/2015,9/27/2015,0.0,0.0,1.4,1.6,1.9,1.9,1.9,2.1,2.3,2.5,2.6,2.9,2.9,3.0,3.2,3.3,3.4,3.7,3.7,3.9,4.0,4.3,4.6,5.1,5.2,6.0,7.7,7.9,9.0,9.2,9.1,10.5,10.8,11.2,13.4,20.1,29.8,54.2,62,62.6,2,6,9,5.9,0.3,4E11,11E11,3/11/2016,23,1.24,,
28374,BdTR2j_R2F,BdTR2j,Clone1,2,669,BVZ0049,SRE,NCRIS-5,4C5,15,5,9/14/2015,9/21/2015,9/27/2015,0.0,1.1,1.3,1.5,1.7,1.9,1.9,2.0,2.2,2.4,2.5,2.7,2.9,2.9,3.1,3.2,3.3,3.5,3.6,3.7,3.9,4.3,4.6,5.0,4.9,5.9,7.8,7.9,8.7,8.8,8.8,9.3,10.2,11.1,13.5,19.7,28.8,57.8,62.4,61.1,2,6,15,5.5,0.3,4F11,11F11,3/9/2016,36,1.69,,
28375,BdTR5j_R1F,BdTR5j,Clone3,1,704,BVZ0049,SRE,NCRIS-5,4D1,16,1,9/14/2015,9/21/2015,9/27/2015,0.0,0.0,1.1,1.2,1.4,1.6,1.8,1.9,1.9,2.1,2.2,2.6,2.7,2.7,2.9,2.9,3.0,3.3,3.4,3.5,3.6,3.9,4.2,4.6,4.5,6.0,6.8,7.8,8.0,8.6,8.8,9.0,11.3,11.5,13.7,22.2,32.3,45.6,55.8,62,0,3,5,6.4,0.2,4G11,11G11,3/29/2016,30,1.56,,
28376,BdTR11g_R2F,BdTR11g,Clone6,2,748,BVZ0049,SRE,NCRIS-5,4D2,16,2,9/14/2015,9/21/2015,9/27/2015,0.0,1.2,1.4,1.6,1.8,1.9,1.9,2.0,2.2,2.3,2.4,2.7,2.8,3.0,3.2,3.3,3.4,3.7,3.9,4.0,4.1,4.4,4.7,5.2,4.8,6.0,9.1,9.4,9.8,10.1,10.6,12.1,12.6,13.6,17.3,28.8,42.5,65,71.5,71.1,0,6,8,7.0,0.3,4H11,11H11,3/8/2016,28,2.07,,
28377,BdTR3t_R1F,BdTR3t,Clone2,1,694,BVZ0049,SRE,NCRIS-5,4D3,16,3,9/14/2015,9/21/2015,9/27/2015,1.0,1.4,1.6,1.8,1.9,1.9,2.0,2.1,2.4,2.6,2.7,2.7,3.1,3.3,3.5,3.5,3.6,3.9,4.1,4.2,4.3,4.6,5.1,5.4,4.1,6.0,7.8,7.8,9.5,9.5,10.9,11.7,12.5,13.5,17.6,28.8,38.3,58.8,66.3,67.2,1,5,9,6.6,0.2,4A12,11A12,3/11/2016,29,2,,
28378,BdTR5f_R1F,BdTR5f,Clone3,1,700,BVZ0049,SRE,NCRIS-5,4D4,16,4,9/14/2015,9/21/2015,9/27/2015,0.0,0.0,1.1,1.3,1.5,1.7,1.9,1.9,2.1,2.2,2.3,2.5,2.7,2.9,2.9,3.0,3.1,3.5,3.6,3.7,3.7,4.0,4.3,4.7,4.6,5.9,6.9,7.1,7.2,8.6,8.4,9.6,10.1,10.2,14,21.6,31.8,47.9,59.5,66.1,1,5,8,6.2,0.2,4B12,11B12,3/29/2016,35,1.99,,
28379,BdTR10e_R2F,BdTR10e,Clone5,2,732,BVZ0049,SRE,NCRIS-5,5A1,1,6,9/14/2015,9/21/2015,9/27/2015,1.0,1.3,1.5,1.5,1.9,1.9,2.1,2.1,2.4,2.5,2.7,2.9,3.1,3.1,3.3,3.5,3.5,3.9,3.9,4.0,4.0,4.4,4.6,5.2,5.1,6.0,7.4,7.5,8.7,8.5,9.3,10.2,10.7,10.7,15.2,23.7,32.7,55.3,59.1,59.6,1,4,9,5.7,0.2,4C12,11C12,3/13/2016,26,1.25,,
28380,BdTR10d_R1F,BdTR10d,Clone5,1,731,BVZ0049,SRE,NCRIS-5,5A2,1,7,9/14/2015,9/21/2015,9/27/2015,0.0,1.0,1.3,1.6,1.8,1.9,1.9,2.0,2.2,2.3,2.5,2.7,2.9,3.0,3.1,3.3,3.3,3.7,3.7,3.9,3.9,4.2,4.5,4.9,3.8,4.6,6.9,6.9,7.9,8.1,8.3,9.3,10.2,10.6,13.9,20.6,32.4,50.9,55.2,55.5,2,5,13,5.4,0.2,4D12,11D12,3/15/2016,41,1.67,,
28381,BdTR2n_R2F,BdTR2n,Clone1,2,672,BVZ0049,SRE,NCRIS-5,5A3,1,8,9/14/2015,9/21/2015,9/27/2015,0.0,1.1,1.3,1.5,1.6,1.9,1.9,2.0,2.2,2.3,2.5,2.7,2.8,2.9,3.1,3.2,3.3,3.5,3.7,3.9,3.9,4.2,4.5,5.0,5.1,5.9,7.0,7.0,8.0,8.4,8.2,9.5,10.1,10.8,12.4,19.3,28.7,56.2,59.5,59.5,1,4,14,5.3,0.3,4E12,11E12,3/9/2016,38,1.58,,
28382,BdTR3g_R2F,BdTR3g,Clone2,2,683,BVZ0049,SRE,NCRIS-5,5A4,1,9,9/14/2015,9/21/2015,9/27/2015,1.1,1.3,1.5,1.7,1.9,2.0,2.1,2.2,2.5,2.7,2.7,3.1,3.2,3.4,3.6,3.7,3.8,4.1,4.2,4.3,4.4,4.7,5.2,5.6,5.3,6.6,8.0,8.3,9.3,9.1,10.6,11.0,12.3,13.5,17,27.6,37.2,55,61.6,62.3,2,7,14,6.7,0.3,4F12,11F12,3/11/2016,40,2.3,,
28383,BdTR5d_R2F,BdTR5d,Clone3,2,698,BVZ0049,SRE,NCRIS-5,5A5,1,10,9/14/2015,9/21/2015,9/27/2015,0.0,0.0,1.1,1.3,1.5,1.7,1.9,1.9,2.1,2.2,2.4,2.6,2.7,2.9,3.0,3.1,3.1,3.4,3.6,3.7,3.9,4.0,4.3,4.6,4.6,5.2,6.3,6.6,7.5,8.6,8.4,9.5,10.8,10.8,12.1,20.4,32.7,47.4,54,58.3,1,6,8,6.2,0.2,4G12,11G12,3/25/2016,42,2.06,,
28384,Bd21_R12F,Bd21,Bd21,12,4741,BVZ0049,SRE,NCRIS-5,5B1,2,6,9/14/2015,9/21/2015,9/27/2015,0.0,0.0,1.1,1.3,1.5,1.7,1.9,1.9,2.1,2.2,2.3,2.5,2.6,2.7,3.1,3.2,3.3,3.6,3.7,3.9,3.9,4.1,4.5,5.0,4.3,6.3,7.9,8.6,8.8,8.9,9.0,10.0,10.5,10.9,13.4,22,32.3,51,51.7,51.1,0,4,9,5.5,0.3,4H12,11H12,3/4/2016,25,1.31,,
28385,BdTR10o_R3F,BdTR10o,Clone5,3,741,BVZ0049,SRE,NCRIS-5,5B2,2,7,9/14/2015,9/21/2015,9/27/2015,1.2,1.3,1.6,1.9,1.9,1.9,2.1,2.3,2.6,2.8,2.9,3.0,3.1,3.3,3.5,3.6,3.7,4.0,4.0,4.1,4.2,4.5,5.0,5.3,4.0,5.5,6.4,6.9,8.8,8.4,9.8,10.4,10.3,11.2,14.5,23.8,34.8,57.9,61,62.4,1,4,12,5.3,0.2,5A1,12A1,3/11/2016,34,2.05,,
28386,BdTR5b_R1F,BdTR5b,Clone3,1,696,BVZ0049,SRE,NCRIS-5,5B3,2,8,9/14/2015,9/21/2015,9/27/2015,0.0,0.0,1.1,1.2,1.4,1.6,1.9,1.9,2.0,2.1,2.2,2.5,2.5,2.6,2.9,2.9,3.0,3.3,3.3,3.5,3.6,3.9,4.3,4.6,4.0,6.3,7.7,7.9,7.8,8.8,9.0,9.2,11.0,11.2,13.4,21.9,34.5,52.5,52.2,64.6,0,3,8,6.6,0.2,5B1,12B1,3/29/2016,50,2.31,,
28387,BdTR2m_R2F,BdTR2m,Clone1,2,671,BVZ0049,SRE,NCRIS-5,5B4,2,9,9/14/2015,9/21/2015,9/27/2015,0.0,1.1,1.3,1.5,1.7,1.9,1.9,2.0,2.2,2.4,2.5,2.9,2.9,2.9,3.1,3.2,3.3,3.6,3.7,3.9,3.9,4.1,4.5,5.0,3.9,4.8,6.5,6.6,7.8,8.0,7.9,9.3,9.6,10.2,13.1,20.7,33.3,57.4,60.8,60,1,7,12,5.3,0.2,5C1,12C1,3/11/2016,34,1.44,,
28388,BdTR11i_R2F,BdTR11i,Clone6,2,750,BVZ0049,SRE,NCRIS-5,5B5,2,10,9/14/2015,9/21/2015,9/27/2015,0.0,1.0,1.1,1.2,1.4,1.7,1.9,1.9,2.1,2.3,2.4,2.7,2.9,3.0,3.1,3.3,3.3,3.6,3.7,3.9,3.9,4.2,4.6,5.1,5.0,6.8,8.2,8.9,9.9,10.6,10.7,12.4,12.9,13.8,16.9,27.8,36.2,64.1,70.7,71,2,6,14,7.1,0.3,5D1,12D1,3/7/2016,47,2.72,,
28389,BdTR10i_R1F,BdTR10i,Clone5,1,736,BVZ0049,SRE,NCRIS-5,5C1,3,6,9/14/2015,9/21/2015,9/27/2015,1.3,1.5,1.8,1.6,1.9,2.0,2.1,2.3,2.5,2.7,2.8,3.0,3.1,3.2,3.3,3.4,3.6,3.9,3.9,4.1,4.1,4.4,4.7,5.2,4.1,6.5,7.5,7.1,8.6,8.7,10.7,10.2,10.8,11.7,15,22,33.5,57.2,60.4,61.3,1,6,14,6.0,0.2,5E1,12E1,3/13/2016,39,1.73,,
28390,SLK7_R2F,SLK7,HYB1,2,548,BVZ0049,SRE,NCRIS-5,5C2,3,7,9/14/2015,9/21/2015,9/27/2015,0.0,0.0,1.1,1.3,1.5,1.7,1.9,1.9,2.1,2.3,2.5,2.9,2.9,2.9,3.0,3.1,3.2,3.5,3.5,3.7,3.8,4.1,4.4,4.7,5.8,7.7,8.1,11.0,14.4,17.5,19.0,21.1,24.7,25.3,32.1,47.4,59.1,86.5,91.1,91.1,1,6,7,11.4,0.4,5F1,12F1,3/4/2016,26,2.79,,
28391,BdTR9j_R3F,BdTR9j,Clone4,3,725,BVZ0049,SRE,NCRIS-5,5C3,3,8,9/14/2015,9/21/2015,9/27/2015,0.0,1.0,1.2,1.4,1.5,1.9,1.9,2.0,2.4,2.4,2.5,2.8,2.9,3.0,3.1,3.3,3.4,3.7,3.9,3.9,4.0,4.3,4.6,5.1,5.3,7.5,8.6,9.1,9.7,10.0,10.5,12.2,13.0,3.9,16.4,29.5,43.1,71.1,80,84.2,1,7,12,6.1,0.3,5G1,12G1,3/18/2016,40,2.81,,
28392,BdTR3t_R2F,BdTR3t,Clone2,2,694,BVZ0049,SRE,NCRIS-5,5C4,3,9,9/14/2015,9/21/2015,9/27/2015,0.0,1.2,1.5,1.6,1.8,1.9,2.0,2.1,2.3,2.5,2.6,2.9,3.1,3.1,3.3,3.5,3.5,3.9,3.9,4.1,4.2,4.5,4.9,5.3,4.2,5.4,7.6,8.0,9.0,9.1,10.2,11.2,11.3,12.7,15.7,27.9,40.1,63,69.5,71.5,2,6,8,6.4,0.2,5H1,12H1,3/11/2016,30,2.01,,
28393,BdTR5b_R2F,BdTR5b,Clone3,2,696,BVZ0049,SRE,NCRIS-5,5C5,3,10,9/14/2015,9/21/2015,9/27/2015,0.0,0.0,1.1,1.2,1.4,1.6,1.9,1.9,2.0,2.1,2.2,2.5,2.6,2.7,2.9,2.9,3.0,3.3,3.4,3.6,3.7,3.9,4.3,4.6,4.3,5.7,6.2,7.2,7.2,8.5,8.5,8.6,10.8,10.9,13.1,20.8,32.6,49.5,59.3,64.5,0,4,7,6.0,0.2,5A2,12A2,3/30/2016,38,2.2,,
28394,GWW10_R3F,GWW10,HYB1,3,397,BVZ0049,SRE,NCRIS-5,5D1,4,6,9/14/2015,9/21/2015,9/27/2015,0.0,0.0,1.1,1.3,1.5,1.7,1.9,1.9,2.1,2.3,2.4,2.6,2.7,2.9,3.1,3.1,3.3,3.5,3.7,3.9,3.9,4.1,4.5,4.7,5.4,6.8,9.6,11.4,12.7,15.3,17.2,20.5,24.6,25.5,31.8,50.1,58.6,75,81.8,81.6,1,7,10,10.6,0.4,5B2,12B2,3/4/2016,34,3.72,,
28395,BdTR11f_R1F,BdTR11f,Clone6,1,747,BVZ0049,SRE,NCRIS-5,5D2,4,7,9/14/2015,9/21/2015,9/27/2015,0.0,1.2,1.4,1.5,1.7,1.9,1.9,2.0,2.3,2.4,2.5,2.8,2.9,3.0,3.2,3.3,3.4,3.7,3.9,3.9,4.0,4.3,4.6,5.1,4.2,5.6,8.0,8.2,8.9,9.2,9.7,11.6,11.8,12.0,14.6,22.6,32.2,58,63,63.6,0,6,7,6.3,0.3,5C2,12C2,3/9/2016,28,1.64,,
28396,BdTR3s_R3F,BdTR3s,Clone2,3,693,BVZ0049,SRE,NCRIS-5,5D3,4,8,9/14/2015,9/21/2015,9/27/2015,0.0,1.4,1.7,1.9,1.9,1.9,2.1,2.2,2.5,2.6,2.7,3.0,3.1,3.3,3.4,3.5,3.6,4.0,4.1,4.2,4.3,4.5,5.1,5.4,4.1,5.6,6.7,7.1,8.8,8.6,10.1,10.7,11.9,13.2,17.1,30.1,40.4,62,69.1,70,2,4,11,6.3,0.3,5D2,12D2,3/9/2016,32,2.28,,
28397,BdTR10g_R1F,BdTR10g,Clone5,1,734,BVZ0049,SRE,NCRIS-5,5D4,4,9,9/14/2015,9/21/2015,9/27/2015,0.0,1.2,1.6,1.9,1.9,1.9,2.1,2.3,2.5,2.7,2.9,3.0,3.1,3.2,3.3,3.4,3.6,3.9,3.9,4.0,4.1,4.4,4.7,5.2,4.3,6.1,7.1,7.4,9.0,9.0,9.8,10.6,11.0,11.5,13.6,20.5,31.1,54.2,63.6,65.2,2,9,14,6.0,0.2,5E2,12E2,3/13/2016,38,2.07,,
28398,BdTR10f_R3F,BdTR10f,Clone4,3,733,BVZ0049,SRE,NCRIS-5,6A1,5,6,9/14/2015,9/21/2015,9/27/2015,0.0,1.6,1.7,1.9,1.9,2.0,2.1,2.3,2.5,2.6,2.7,3.1,3.2,3.3,3.5,3.6,3.7,3.9,4.0,4.1,4.1,4.4,4.9,5.2,4.0,6.8,7.5,7.5,7.8,7.5,9.0,9.7,9.8,11.0,14.4,20.5,27.5,55.3,58.2,58.4,2,7,16,4.9,0.2,5F2,12F2,3/13/2016,41,1.24,,
28399,BdTR11c_R2F,BdTR11c,Clone6,2,744,BVZ0049,SRE,NCRIS-5,6A2,5,7,9/14/2015,9/21/2015,9/27/2015,0.0,1.1,1.4,1.5,1.7,1.9,1.9,2.0,2.2,2.3,2.5,2.7,2.8,3.0,3.1,3.3,3.4,3.7,3.9,3.9,4.0,4.3,4.6,5.1,4.5,6.0,7.8,8.1,8.7,9.0,9.1,10.7,11.1,12.5,16.3,26.7,35.7,61.4,66.4,67.5,2,6,11,6.0,0.2,5G2,12G2,3/7/2016,42,2.56,,
28400,BdTR5h_R1F,BdTR5h,Clone3,1,702,BVZ0049,SRE,NCRIS-5,6A3,5,8,9/14/2015,9/21/2015,9/27/2015,0.0,0.0,1.1,1.5,1.5,1.7,1.9,1.9,2.1,2.2,2.3,2.6,2.7,2.8,2.9,3.1,3.1,3.4,3.5,3.7,3.7,3.9,4.4,4.7,4.7,5.6,7.2,7.5,7.5,8.9,8.9,9.3,10.3,10.5,13.5,21.7,33.6,56.6,67.3,69.7,1,4,8,6.4,0.2,5H2,12H2,3/31/2016,38,2.09,,
28401,BdTR2j_R1F,BdTR2j,Clone1,1,669,BVZ0049,SRE,NCRIS-5,6A4,5,9,9/14/2015,9/21/2015,9/27/2015,1.2,1.3,1.5,1.7,1.9,1.9,2.0,2.1,2.3,2.5,2.6,2.8,2.9,3.1,3.3,3.4,3.4,3.7,3.8,4.0,4.1,4.4,4.7,5.2,6.2,7.3,8.6,8.6,9.8,9.5,9.6,11.1,11.6,11.8,14.4,19.9,30.7,61,65,64,2,6,15,5.6,0.3,5A3,12A3,3/9/2016,42,1.77,,
28402,BdTR10a_R1F,BdTR10a,Clone5,1,728,BVZ0049,SRE,NCRIS-5,6A5,5,10,9/14/2015,9/21/2015,9/27/2015,1.4,1.6,1.7,1.9,1.9,2.1,2.2,2.3,2.6,2.7,2.9,3.1,3.3,3.4,3.6,3.7,3.8,4.0,4.1,4.2,4.3,4.6,5.1,5.4,5.2,7.1,7.7,7.9,8.7,8.6,10.0,10.7,10.9,11.8,15.3,24.3,34,54.3,61.4,60.7,2,6,11,5.7,0.2,5B3,12B3,3/11/2016,33,1.75,,
28403,BdTR2d_R1F,BdTR2d,Clone1,1,663,BVZ0049,SRE,NCRIS-5,6B1,6,6,9/14/2015,9/21/2015,9/27/2015,1.1,1.4,1.6,1.9,1.9,1.9,2.0,2.1,2.3,2.5,2.6,2.9,3.1,3.2,3.4,3.5,3.6,3.9,4.0,4.1,4.1,4.5,4.9,5.2,4.6,6.2,7.7,7.5,8.1,8.3,9.0,10.0,10.2,11.7,13,20.3,31.6,54.2,59,57,2,8,16,5.4,0.2,5C3,12C3,3/11/2016,41,1.53,,
28404,BdTR5f_R3F,BdTR5f,Clone3,3,700,BVZ0049,SRE,NCRIS-5,6B2,6,7,9/14/2015,9/21/2015,9/27/2015,0.0,0.0,1.0,1.2,1.3,1.6,1.7,1.9,1.9,2.0,2.1,2.4,2.5,2.6,2.7,2.9,3.0,3.2,3.4,3.4,3.6,3.9,4.2,4.5,4.1,5.6,6.4,7.5,8.5,8.4,8.6,8.8,10.4,10.7,13.1,22.6,33.7,56,67,69.3,0,3,7,6.3,0.2,5D3,12D3,3/30/2016,48,2.41,,
28405,BdTR1a_R3F,BdTR1a,Clone1,3,647,BVZ0049,SRE,NCRIS-5,6B3,6,8,9/14/2015,9/21/2015,9/27/2015,0.0,1.2,1.5,1.7,1.9,1.9,2.0,2.1,2.3,2.5,2.6,2.8,2.9,3.0,3.2,3.3,3.4,3.7,3.7,3.9,4.0,4.3,4.7,5.1,5.4,6.1,8.2,8.1,8.9,9.1,9.1,10.4,10.7,11.7,14.3,23,33.9,59.8,66.8,66.2,1,7,18,5.9,0.2,5E3,12E3,3/7/2016,40,1.78,,
28406,BdTR13k_R3F,BdTR13k,Clone7,3,764,BVZ0049,SRE,NCRIS-5,6B4,6,9,9/14/2015,9/21/2015,9/27/2015,1.2,1.4,1.6,1.8,1.9,2.0,2.1,2.3,2.5,2.7,2.9,3.2,3.3,3.4,3.7,3.7,3.9,4.2,4.3,4.4,4.5,4.9,5.3,5.7,4.3,6.0,7.1,7.2,8.5,9.0,10.2,10.8,13.0,14.2,18.4,30.2,39.2,62.4,64.9,65.2,0,4,8,5.4,0.2,5F3,12F3,3/1/2016,37,1.9,,
28407,BdTR5e_R1F,BdTR5e,Clone3,1,699,BVZ0049,SRE,NCRIS-5,6B5,6,10,9/14/2015,9/21/2015,9/27/2015,0.0,1.1,1.3,1.5,1.7,1.9,1.9,2.1,2.2,2.5,2.5,2.8,2.9,3.0,3.1,3.3,3.4,3.7,3.9,3.9,4.0,4.2,4.6,5.1,4.9,5.8,7.5,7.7,8.8,9.1,9.2,11.2,11.5,12.1,16.3,24.3,36.5,56.4,66.8,69.5,1,3,9,6.6,0.2,5G3,12G3,3/29/2016,43,2.48,,
28408,BdTR11d_R3F,BdTR11d,Clone6,3,745,BVZ0049,SRE,NCRIS-5,6C1,7,6,9/14/2015,9/21/2015,9/27/2015,0.0,1.1,1.3,1.5,1.7,1.9,1.9,1.9,2.2,2.3,2.4,2.6,2.7,3.0,3.1,3.3,3.4,3.7,3.8,3.9,4.0,4.3,4.7,5.1,4.6,6.3,9.0,9.2,9.6,10.0,10.1,12.0,12.2,13.3,17,26.9,41.2,64.1,68,67.1,2,6,10,6.7,0.3,5H3,12H3,3/9/2016,36,2.55,,
28409,BdTR13m_R3F,BdTR13m,Clone7,3,765,BVZ0049,SRE,NCRIS-5,6C2,7,7,9/14/2015,9/21/2015,9/27/2015,1.1,1.3,1.5,1.7,1.9,1.9,2.1,2.2,2.5,2.7,2.8,3.1,3.2,3.4,3.6,3.7,3.9,4.1,4.3,4.4,4.5,4.9,5.3,5.7,4.6,6.0,7.3,7.2,8.6,8.9,10.4,11.2,13.1,13.9,17.1,31.4,41.5,59.7,62.8,64.5,2,5,10,5.6,0.2,5A4,12A4,3/4/2016,42,2.35,,
28410,BdTR2r_R1F,BdTR2r,Clone1,1,675,BVZ0049,SRE,NCRIS-5,6C3,7,8,9/14/2015,9/21/2015,9/27/2015,0.0,1.3,1.6,1.7,1.9,1.9,2.0,2.2,2.4,2.7,2.0,2.9,3.1,3.1,3.3,3.4,3.5,3.8,3.9,4.0,4.0,4.4,4.7,5.1,4.9,6.2,8.1,8.0,8.5,8.6,9.1,10.4,10.7,12.2,15.1,23.4,34.6,59.8,65.9,64.8,2,7,16,5.7,0.3,5B4,12B4,3/9/2016,46,1.95,,
28411,BdTR3p_R2F,BdTR3p,Clone2,2,691,BVZ0049,SRE,NCRIS-5,6C4,7,9,9/14/2015,9/21/2015,9/27/2015,1.1,1.3,1.6,1.8,1.9,2.0,2.1,2.3,2.5,2.6,2.9,3.1,3.2,3.3,3.6,3.7,3.7,4.0,4.1,4.2,4.3,4.6,5.2,5.5,4.8,6.2,7.5,7.7,9.0,9.3,11.0,11.3,12.8,14.1,15.6,29.5,39,60.1,65.7,67.4,2,5,11,6.5,0.2,5C4,12C4,3/9/2016,33,2.27,,
28412,BdTR3b_R2F,BdTR3b,Clone2,2,678,BVZ0049,SRE,NCRIS-5,6C5,7,10,9/14/2015,9/21/2015,9/27/2015,1.2,1.5,1.7,1.9,1.9,1.9,2.1,2.2,2.5,2.6,2.7,3.1,3.2,3.3,3.5,3.7,3.7,4.0,4.1,4.2,4.3,4.6,5.3,5.6,5.1,6.8,8.4,8.5,9.5,9.5,11.0,12.0,13.0,13.9,17.1,30.4,39.5,58.7,64.3,66,2,7,13,6.7,0.2,5D4,12D4,3/8/2016,37,2.61,,
28413,BdTR13a_R3F,BdTR13a,Clone7,3,754,BVZ0049,SRE,NCRIS-5,6D1,8,6,9/14/2015,9/21/2015,9/27/2015,1.1,1.4,1.7,1.9,1.9,1.9,2.1,2.1,2.4,2.5,2.7,3.1,3.1,3.3,3.6,3.7,3.9,4.1,4.2,4.4,4.4,4.8,5.2,5.7,3.3,5.6,6.5,6.6,7.0,7.4,8.7,9.2,11.0,11.8,15.3,26.8,36,56.1,58.3,59.5,0,6,11,5.0,0.2,5E4,12E4,3/4/2016,35,1.79,,
28414,BdTR3b_R3F,BdTR3b,Clone2,3,678,BVZ0049,SRE,NCRIS-5,6D2,8,7,9/14/2015,9/21/2015,9/27/2015,1.2,1.5,1.7,1.9,1.9,1.9,2.1,2.2,2.4,2.5,2.6,3.1,3.2,3.3,3.5,3.6,3.7,4.0,4.1,4.3,4.3,4.6,5.1,5.6,5.3,7.5,9.0,8.9,9.4,9.7,11.1,10.7,12.7,14.0,17.8,29.5,39.2,57.5,62.6,65.9,2,7,14,6.4,0.2,5F4,12F4,3/8/2016,35,2.71,,
28415,BdTR10o_R2F,BdTR10o,Clone5,2,741,BVZ0049,SRE,NCRIS-5,6D3,8,8,9/14/2015,9/21/2015,9/27/2015,1.0,1.3,1.5,1.8,1.9,1.9,2.0,2.1,2.5,2.5,2.7,2.9,3.0,3.1,3.2,3.4,3.5,3.8,3.9,4.0,4.0,4.3,4.6,5.1,4.0,5.6,7.2,7.3,8.6,8.9,9.5,10.5,11.0,11.6,14.9,23.9,34.6,56.3,62.2,63.7,2,6,13,5.8,0.2,5G4,12G4,3/15/2016,38,2.05,,
28416,BdTR3f_R1F,BdTR3f,Clone2,1,682,BVZ0049,SRE,NCRIS-5,6D4,8,9,9/14/2015,9/21/2015,9/27/2015,1.3,1.4,1.7,1.9,1.9,2.0,2.1,2.3,2.5,2.6,2.7,3.2,3.2,3.4,3.6,3.7,3.9,4.1,4.2,4.3,4.4,4.7,5.3,5.5,5.3,7.3,8.5,8.4,9.1,9.5,10.8,11.0,12.8,13.2,17.3,32.4,42.9,70.3,76.1,77,2,6,14,6.6,0.3,5H4,12H4,3/11/2016,46,3.07,,
28417,BdTR5i_R2F,BdTR5i,Clone3,2,703,BVZ0049,SRE,NCRIS-5,7A2,9,7,9/14/2015,9/21/2015,9/27/2015,0.0,1.1,1.3,1.5,1.6,1.9,1.9,2.0,2.2,2.3,2.4,2.6,2.7,2.9,3.1,3.2,3.3,3.6,3.7,3.9,3.9,4.1,4.5,5.0,4.8,5.3,7.2,7.4,8.3,8.1,8.2,9.6,10.1,10.6,14.1,19.6,28.6,49.4,62.5,68.7,0,5,9,5.9,0.2,5A5,12A5,3/29/2016,39,2.35,,
28418,BdTR10b_R2F,BdTR10b,Clone5,2,729,BVZ0049,SRE,NCRIS-5,7A3,9,8,9/14/2015,9/21/2015,9/27/2015,1.1,1.4,1.7,1.9,1.9,1.9,2.1,2.3,2.5,2.6,2.8,2.9,3.2,3.3,3.5,3.6,3.7,3.9,4.0,4.1,4.2,4.6,5.0,5.3,4.3,6.3,7.2,7.1,8.3,8.3,9.3,10.0,10.2,11.1,14.6,21.6,33.3,54.5,62.5,63.9,2,5,15,5.6,0.2,5B5,12B5,3/13/2016,41,2.1,,
28419,BdTR9g_R1F,BdTR9g,Clone4,1,722,BVZ0049,SRE,NCRIS-5,7A4,9,9,9/14/2015,9/21/2015,9/27/2015,0.0,1.1,1.3,1.5,1.7,1.9,1.9,2.0,2.3,2.4,2.5,2.9,2.9,3.1,3.3,3.4,3.5,3.8,3.9,4.0,4.1,4.4,4.7,5.1,4.2,6.6,8.3,8.9,10.0,10.5,11.0,12.0,12.8,14.2,17.3,26.1,39.2,67.2,77.2,79.4,1,5,13,6.3,0.3,5C5,12C5,3/18/2016,43,2.53,,
28420,BdTR13f_R1F,BdTR13f,Clone7,1,759,BVZ0049,SRE,NCRIS-5,7A5,9,10,9/14/2015,9/21/2015,9/27/2015,1.4,1.7,1.7,1.5,1.9,2.2,2.3,2.5,2.7,2.9,3.1,3.4,3.7,3.7,3.9,4.1,4.1,4.4,4.6,4.7,4.9,5.3,5.7,6.2,4.2,6.5,6.9,7.7,7.9,9.8,10.0,11.1,11.7,12.8,16.4,30.2,41.6,54.8,85.5,59.2,2,6,16,5.4,0.2,5D5,12D5,3/1/2016,40,1.91,,
28421,BdTR3d_R3F,BdTR3d,Clone2,3,680,BVZ0049,SRE,NCRIS-5,7B1,10,6,9/14/2015,9/21/2015,9/27/2015,1.0,1.3,1.6,1.7,1.9,1.9,2.0,2.1,2.3,2.5,2.6,2.9,3.1,3.2,3.3,3.5,3.6,3.9,4.0,4.1,4.1,4.5,4.9,5.3,4.3,5.8,7.9,7.8,8.6,8.8,9.8,10.9,11.9,13.6,18.2,29.5,40.4,53.9,71.9,72,2,4,11,6.1,0.2,5E5,12E5,3/13/2016,41,2.82,,
28422,BdTR13f_R3F,BdTR13f,Clone7,3,759,BVZ0049,SRE,NCRIS-5,7B2,10,7,9/14/2015,9/21/2015,9/27/2015,1.3,1.4,1.6,1.9,1.9,2.0,2.1,2.3,2.5,2.9,2.9,3.2,3.3,3.4,3.7,3.8,3.9,4.2,4.3,4.5,4.6,4.9,5.4,5.7,4.2,5.8,7.0,7.0,8.2,8.9,10.0,10.5,13.0,13.5,17.7,28.7,32.8,64.9,63.9,63.1,0,5,9,5.4,0.2,5F5,12F5,3/4/2016,36,1.84,,
28423,BdTR1g_R1F,BdTR1g,Clone1,1,653,BVZ0049,SRE,NCRIS-5,7B3,10,8,9/14/2015,9/21/2015,9/27/2015,0.0,1.1,1.3,1.6,1.7,1.9,1.9,2.1,2.3,2.4,2.5,2.8,2.9,3.0,3.1,3.2,3.3,3.6,3.7,3.9,3.9,4.2,4.6,5.0,4.9,5.5,7.1,7.0,7.9,8.2,8.2,9.3,10.2,11.1,14.1,21.8,31.7,58.8,64.9,65.7,1,6,13,5.4,0.2,5G5,12G5,3/9/2016,32,1.63,,
28424,BdTR2p_R1F,BdTR2p,Clone1,1,674,BVZ0049,SRE,NCRIS-5,7B4,10,9,9/14/2015,9/21/2015,9/27/2015,0.0,1.1,1.3,1.5,1.6,1.9,1.9,1.9,2.1,2.3,2.5,2.7,2.8,2.9,3.0,3.1,3.3,3.5,3.7,3.8,3.9,4.2,4.5,5.0,4.9,5.6,6.9,7.1,8.2,8.5,8.7,10.0,10.5,11.3,14.7,20.6,28.9,55.9,60,60,0,4,13,5.9,0.2,5H5,12H5,3/8/2016,33,1.59,,
28425,BdTR2k_R1F,BdTR2k,Clone1,1,670,BVZ0049,SRE,NCRIS-5,7B5,10,10,9/14/2015,9/21/2015,9/27/2015,1.3,1.5,1.7,1.9,1.9,2.0,2.1,2.3,2.5,2.7,2.9,3.0,3.1,3.2,3.5,3.6,3.7,3.9,4.0,4.2,4.2,4.5,5.0,5.3,4.8,6.7,7.8,7.6,8.9,8.8,10.2,10.9,11.7,12.5,14.4,24.7,34.5,57.6,62.3,62.7,1,6,16,5.7,0.2,5A6,12A6,3/9/2016,39,1.96,,
28426,BdTR13i_R3F,BdTR13i,Clone7,3,762,BVZ0049,SRE,NCRIS-5,7C1,11,6,9/14/2015,9/21/2015,9/27/2015,1.3,1.4,1.6,1.8,1.9,1.9,2.0,2.1,2.4,2.6,2.7,3.1,3.2,3.3,3.6,3.7,3.9,4.2,4.3,4.4,4.5,4.9,5.3,5.7,3.6,4.9,6.3,6.3,7.3,7.7,9.3,9.8,11.8,12.9,17.3,29.6,38.9,60.9,61.7,62.1,2,3,9,5.8,0.2,5B6,12B6,3/2/2016,35,2.08,,
28427,BdTR3h_R2F,BdTR3h,Clone2,2,684,BVZ0049,SRE,NCRIS-5,7C2,11,7,9/14/2015,9/21/2015,9/27/2015,1.2,1.4,1.7,1.9,1.9,1.9,1.9,2.1,2.3,2.4,2.5,2.8,3.1,3.2,3.4,3.5,3.7,3.9,4.0,4.1,4.2,4.5,5.1,5.4,4.0,6.5,8.8,8.8,9.5,9.6,10.9,12.0,12.7,14.3,18.6,31.5,43.8,64.7,69.5,69.7,2,5,11,6.4,0.2,5C6,12C6,3/8/2016,39,2.73,,
28428,BdTR13b_R1F,BdTR13b,Clone7,1,755,BVZ0049,SRE,NCRIS-5,7C3,11,8,9/14/2015,9/21/2015,9/27/2015,1.1,1.3,1.6,1.8,1.9,1.9,2.1,2.2,2.5,2.7,2.8,3.1,3.2,3.4,3.6,3.7,3.8,4.2,4.3,4.4,4.5,4.9,5.2,5.6,4.2,6.0,7.5,7.2,8.8,8.7,10.3,10.8,13.0,14.5,19,30.5,42.4,60,63.8,65,2,4,13,5.7,0.2,5D6,12D6,3/2/2016,33,2.02,,
28429,BdTR5j_R2F,BdTR5j,Clone3,2,704,BVZ0049,SRE,NCRIS-5,7C4,11,9,9/14/2015,9/21/2015,9/27/2015,0.0,0.0,1.1,1.2,1.4,1.7,1.9,1.9,1.9,2.1,2.2,2.4,2.7,2.7,2.8,2.9,3.0,3.3,3.4,3.5,3.7,3.9,4.2,4.5,3.7,5.6,6.6,7.9,8.0,8.6,9.0,9.0,11.5,11.5,14,21.9,26,47.3,56.7,65.4,0,4,6,6.5,0.2,5E6,12E6,,37,1.85,,
28430,GUL1-2_R3F,GUL1-2,HYB1,3,367,BVZ0049,SRE,NCRIS-5,7C5,11,10,9/14/2015,9/21/2015,9/27/2015,0.0,0.0,1.0,1.2,1.5,1.8,1.9,1.9,2.1,2.2,2.3,2.5,2.7,2.9,3.0,3.1,3.2,3.5,3.5,3.7,3.9,4.1,4.5,5.1,5.6,6.6,10.1,13.7,16.0,19.7,21.3,23.1,27.0,27.7,36.5,56.3,63.7,86.2,93.2,92,1,7,11,12.0,0.3,5F6,12F6,3/4/2016,32,3.79,,
28431,BdTR9m_R3F,BdTR9m,Clone4,3,727,BVZ0049,SRE,NCRIS-5,7D1,12,6,9/14/2015,9/21/2015,9/27/2015,0.0,1.3,1.4,1.6,1.7,1.9,1.9,2.0,2.2,2.3,2.4,2.7,2.7,3.0,3.3,3.4,3.5,3.8,3.9,3.9,4.0,4.2,4.6,5.1,4.4,6.2,8.0,8.1,8.2,7.9,8.8,10.2,10.8,12.1,15.5,21.3,34.1,56.7,66.3,69.2,1,6,14,5.4,0.2,5G6,12G6,3/20/2016,39,2.23,,
28432,BLA1_R1F,BLA1,HYB1,1,252,BVZ0049,SRE,NCRIS-5,7D2,12,7,9/14/2015,9/21/2015,9/27/2015,0.0,0.0,0.0,1.2,1.4,1.7,1.9,1.9,2.1,2.2,2.3,2.6,2.7,2.9,3.1,3.1,3.2,3.4,3.5,3.7,3.7,4.2,4.5,5.2,4.9,7.0,9.7,12.2,13.5,16.6,17.0,17.3,21.5,23.1,35,55,63.9,81.2,83,82.6,1,5,11,11.1,0.3,5H6,12H6,3/1/2016,34,3.87,,
28433,BdTR11g_R1F,BdTR11g,Clone6,1,748,BVZ0049,SRE,NCRIS-5,7D3,12,8,9/14/2015,9/21/2015,9/27/2015,0.0,1.1,1.3,1.5,1.7,1.9,1.9,2.0,2.2,2.3,2.5,2.7,2.9,2.9,3.1,3.3,3.4,3.7,3.9,4.0,4.0,4.4,4.9,5.3,4.8,6.1,8.5,8.8,9.3,10.0,10.1,11.6,12.3,14.1,15.9,25.7,35.3,65.6,72.4,64.5,2,4,11,6.5,0.3,5A7,12A7,3/11/2016,36,2.17,,
28434,BdTR11f_R2F,BdTR11f,Clone6,2,747,BVZ0049,SRE,NCRIS-5,7D4,12,9,9/14/2015,9/21/2015,9/27/2015,0.0,1.0,1.1,1.4,1.5,1.8,1.9,1.9,2.2,2.3,2.5,2.7,2.9,3.0,3.1,3.3,3.4,3.7,3.8,3.9,4.0,4.4,4.7,5.2,5.1,6.6,8.3,8.9,9.7,10.3,10.3,12.1,12.1,13.6,16.2,25.6,36.6,66.9,73.9,63.1,1,5,10,6.4,0.2,5B7,12B7,3/11/2016,33,2.24,,
28435,BdTR2j_R3F,BdTR2j,Clone1,3,669,BVZ0049,SRE,NCRIS-5,8A1,13,6,9/14/2015,9/21/2015,9/27/2015,0.0,1.2,1.4,1.6,1.7,1.9,1.9,2.1,2.3,2.5,2.6,2.9,2.9,3.0,3.2,3.3,3.4,3.7,3.9,3.9,4.0,4.3,4.7,5.1,5.3,6.4,7.5,7.3,8.2,8.6,8.2,10.0,10.5,11.7,14.6,21.2,27.9,52.6,58.5,59.1,2,5,16,5.8,0.3,5C7,12C7,3/8/2016,40,1.4,,
28436,BdTR3n_R2F,BdTR3n,Clone2,2,689,BVZ0049,SRE,NCRIS-5,8A2,13,7,9/14/2015,9/21/2015,9/27/2015,0.0,1.4,1.7,1.9,1.9,2.0,2.1,2.3,2.5,2.7,2.7,3.1,3.2,3.3,3.6,3.7,3.8,4.1,4.2,4.2,4.4,4.7,5.1,5.5,5.1,7.3,8.6,8.7,9.5,9.5,11.1,11.4,13.0,14.1,17.5,28.9,38.7,59.7,64.6,65.5,2,7,13,6.8,0.2,5D7,12D7,3/8/2016,41,2.65,,
28437,GUL1-2_R2F,GUL1-2,HYB1,2,367,BVZ0049,SRE,NCRIS-5,8A3,13,8,9/14/2015,9/21/2015,9/27/2015,0.0,0.0,1.1,1.3,1.5,1.9,1.9,1.9,2.2,2.3,2.5,2.7,2.9,2.9,3.1,3.3,3.3,3.5,3.7,3.8,3.9,4.3,4.6,5.1,4.9,7.2,10.9,13.8,16.4,19.3,20.4,22.5,26.0,27.8,36.4,55,63.9,82.9,88.5,88.5,1,5,9,12.0,0.3,5E7,12E7,3/2/2016,29,3.46,,
28438,ELI10_R1F,ELI10,HYB1,1,349,BVZ0049,SRE,NCRIS-5,8A4,13,9,9/14/2015,9/21/2015,9/27/2015,0.0,0.0,1.3,1.5,1.8,1.9,2.1,2.2,2.5,2.7,2.9,3.1,3.2,3.3,3.4,3.6,3.6,3.9,4.1,4.2,4.3,4.5,5.1,5.3,5.8,7.1,11.6,14.1,18.6,20.8,25.1,27.1,27.6,30.6,35.2,55.1,65.4,57.7,95.8,95.4,1,7,6,12.4,0.4,5F7,12F7,3/9/2016,26,3.25,,
28439,GUL3-8_R3F,GUL3-8,HYB1,3,389,BVZ0049,SRE,NCRIS-5,8A5,13,10,9/14/2015,9/21/2015,9/27/2015,0.0,0.0,0.0,1.1,1.2,1.5,1.7,1.9,1.9,2.1,2.2,2.5,2.7,2.9,2.9,3.1,3.1,3.4,3.5,3.7,3.8,3.9,4.4,5.2,4.6,8.0,9.9,13.9,15.3,19.3,21.8,23.6,28.1,28.5,36.9,54.6,64.3,89.4,91.7,91.2,1,5,8,12.0,0.3,5G7,12G7,3/4/2016,27,3.18,,
28440,BdTR2g_R3F,BdTR2g,Clone1,3,666,BVZ0049,SRE,NCRIS-5,8B1,14,6,9/14/2015,9/21/2015,9/27/2015,0.0,1.1,1.2,1.4,1.5,1.8,1.9,1.9,2.1,2.3,2.4,2.7,2.7,2.9,3.0,3.1,3.2,3.5,3.5,3.8,3.9,4.1,4.5,4.9,4.2,5.6,6.8,7.1,7.7,8.5,8.6,9.4,10.5,11.1,13.1,20.5,29.1,54.7,55.8,53.1,1,7,15,5.4,0.2,5H7,12H7,3/11/2016,35,0.66,,
28441,BdTR9k_R1F,BdTR9k,Clone4,1,726,BVZ0049,SRE,NCRIS-5,8B2,14,7,9/14/2015,9/21/2015,9/27/2015,1.1,1.4,1.6,1.9,1.9,1.9,2.1,2.2,2.4,2.6,2.7,2.9,3.2,3.3,3.5,3.6,3.7,3.9,4.1,4.2,4.2,4.5,4.9,5.3,5.1,7.5,9.4,9.8,10.9,11.1,12.5,12.8,13.7,14.9,18,28.9,40.5,66.2,73,73.1,2,5,15,6.0,0.3,5A8,12A8,3/9/2016,36,2.45,,
28442,BdTR2h_R2F,BdTR2h,Clone1,2,667,BVZ0049,SRE,NCRIS-5,8B3,14,8,9/14/2015,9/21/2015,9/27/2015,0.0,1.2,1.3,1.4,1.6,1.8,1.9,1.9,2.2,2.3,2.5,2.8,2.9,2.9,3.1,3.1,3.3,3.5,3.7,3.9,3.9,4.1,4.5,4.9,4.4,5.1,5.9,6.3,7.6,8.1,8.1,9.4,10.6,11.2,13.6,21.6,29.7,52.1,60,60.4,2,5,15,5.2,0.2,5B8,12B8,3/11/2016,33,1.82,,
28443,BdTR11i_R1F,BdTR11i,Clone6,1,750,BVZ0049,SRE,NCRIS-5,8B4,14,9,9/14/2015,9/21/2015,9/27/2015,0.0,1.2,1.3,1.5,1.7,1.9,1.9,2.0,2.2,2.3,2.5,2.7,2.8,3.0,3.2,3.4,3.5,3.8,3.9,4.0,4.1,4.3,4.7,5.2,5.1,6.7,9.7,9.8,10.1,10.4,11.1,12.5,13.0,14.4,18.7,30.7,44.5,65.8,72.1,72.2,2,5,10,7.0,0.3,5C8,12C8,3/4/2016,35,2.11,,
28444,BdTR13m_R1F,BdTR13m,Clone7,1,765,BVZ0049,SRE,NCRIS-5,8B5,14,10,9/14/2015,9/21/2015,9/27/2015,1.2,1.4,1.7,1.9,1.9,1.9,2.1,2.2,2.5,2.7,2.8,3.1,3.3,3.4,3.7,3.8,3.9,4.2,4.3,4.4,4.5,4.9,5.4,5.7,4.8,7.0,8.3,8.3,9.3,10.3,11.0,11.2,14.4,14.5,19,32,47.6,62.1,64.36,64.7,2,4,6,5.9,0.2,5D8,12D8,3/2/2016,23,1.55,,
28445,BdTR2m_R3F,BdTR2m,Clone1,3,671,BVZ0049,SRE,NCRIS-5,8C1,15,6,9/14/2015,9/21/2015,9/27/2015,1.0,1.4,1.5,1.6,1.9,1.9,1.9,2.0,2.3,2.4,2.5,2.7,2.9,3.0,3.1,3.2,3.3,3.6,3.8,3.9,3.9,4.3,4.6,4.9,4.3,5.1,7.1,6.9,7.7,8.0,7.9,9.4,10.4,11.1,13.9,30.6,29.4,50.3,51,50,2,6,14,5.3,0.2,5E8,12E8,3/8/2016,36,1.43,,
28446,BdTR3j_R2F,BdTR3j,Clone2,2,686,BVZ0049,SRE,NCRIS-5,8C2,15,7,9/14/2015,9/21/2015,9/27/2015,0.0,1.2,1.3,1.5,1.8,1.9,2.0,2.1,2.3,2.5,2.7,2.9,2.9,3.1,3.3,3.4,3.5,3.8,3.9,4.0,4.1,4.4,4.8,5.3,4.8,5.3,7.8,8.0,9.5,9.7,10.7,11.7,11.6,13.4,18.8,29.7,39.4,63,66.6,66.6,2,4,10,7.0,0.2,5F8,12F8,3/8/2016,29,2.01,,
28447,BdTR13j_R1F,BdTR13j,Clone7,1,763,BVZ0049,SRE,NCRIS-5,8C3,15,8,9/14/2015,9/21/2015,9/27/2015,1.2,1.4,1.6,1.9,1.9,1.9,2.1,2.3,2.5,2.7,3.0,3.2,3.4,3.5,3.7,3.9,4.1,4.3,4.6,4.7,4.7,5.1,5.5,6.0,4.6,6.4,7.5,7.5,8.2,8.3,10.3,10.7,12.7,13.8,18.1,33,45.4,60.9,62.3,61.2,1,5,9,5.3,0.3,5G8,12G8,3/1/2016,29,1.86,,
28448,Bd21_R13F,Bd21,Bd21,13,4741,BVZ0049,SRE,NCRIS-5,8C4,15,9,9/14/2015,9/21/2015,9/27/2015,0.0,1.2,1.4,1.5,1.7,1.9,2.0,2.1,2.3,2.5,2.6,2.9,3.1,3.2,3.3,3.4,3.5,3.8,4.0,4.1,4.2,4.4,4.8,5.1,5.8,6.7,8.6,8.4,9.6,9.3,10.0,10.6,10.5,11.9,14.2,34.3,35.5,49.4,49.4,48,2,4,11,6.6,0.3,5H8,12H8,3/1/2016,28,1.48,,
28449,BdTR3t_R3F,BdTR3t,Clone2,3,694,BVZ0049,SRE,NCRIS-5,8C5,15,10,9/14/2015,9/21/2015,9/27/2015,1.1,1.3,1.6,1.8,1.9,1.9,2.1,2.2,2.5,2.6,2.7,2.9,3.2,3.4,3.7,3.7,3.9,4.1,4.2,4.3,4.4,4.7,5.1,5.5,5.0,6.8,8.0,7.9,9.1,9.5,11.5,11.9,13.8,14.6,18.1,32.6,43.4,65.4,71.1,72,2,4,8,6.1,0.2,5A9,12A9,3/9/2016,22,1.65,,
28450,BdTR10b_R1F,BdTR10b,Clone5,1,729,BVZ0049,SRE,NCRIS-5,8D1,16,6,9/14/2015,9/21/2015,9/27/2015,1.4,1.6,1.7,1.9,1.9,2.1,2.2,2.4,2.6,2.8,2.9,3.1,3.2,3.3,3.6,3.6,3.7,3.9,4.0,4.1,4.2,4.5,4.8,5.3,4.3,6.9,7.4,7.9,9.0,8.5,9.9,10.9,10.7,11.8,15.1,21.4,31,53.7,59.1,59.1,2,7,15,6.0,0.2,5B9,12B9,3/15/2016,42,1.94,,
28451,BdTR5m_R3F,BdTR5m,Clone3,3,706,BVZ0049,SRE,NCRIS-5,8D2,16,7,9/14/2015,9/21/2015,9/27/2015,0.0,1.0,1.2,1.4,1.6,1.9,1.9,1.9,2.1,2.3,2.3,2.6,2.7,2.8,3.0,3.1,3.1,3.4,3.5,3.7,3.7,3.9,4.4,4.7,4.4,6.1,7.6,7.8,8.3,9.0,8.9,9.5,10.7,11.1,15.9,22.1,31.9,49.2,58.8,65.8,1,3,8,6.7,0.2,5C9,12C9,3/27/2016,34,1.88,,
28452,BdTR13k_R1F,BdTR13k,Clone7,1,764,BVZ0049,SRE,NCRIS-5,8D3,16,8,9/14/2015,9/21/2015,9/27/2015,0.0,1.0,1.3,1.5,1.7,1.9,1.9,2.1,2.4,2.5,2.7,2.9,3.0,3.1,3.3,3.4,3.5,3.8,4.0,4.1,4.2,4.6,5.1,5.4,3.6,4.3,5.7,5.8,7.3,7.1,7.5,8.1,9.4,10.1,15,24.9,39.5,59,62.4,62.8,1,3,10,4.9,0.2,5D9,12D9,3/1/2016,31,1.77,,
28453,BdTR10h_R1F,BdTR10h,Clone5,1,735,BVZ0049,SRE,NCRIS-5,8D4,16,9,9/14/2015,9/21/2015,9/27/2015,1.0,1.4,1.6,1.8,1.9,1.9,1.9,2.1,2.4,2.5,2.7,2.9,3.0,3.1,3.3,3.5,3.5,3.8,3.9,4.0,4.1,4.4,4.7,5.1,4.1,6.7,7.2,7.3,8.4,8.5,9.1,10.0,10.5,11.2,15.2,24.2,30,48.4,58.3,60.4,2,6,17,5.9,0.2,5E9,12E9,3/11/2016,33,2.01,,
28454,BdTR9j_R1F,BdTR9j,Clone4,1,725,BVZ0049,SRE,NCRIS-5,9A1,18,1,9/14/2015,9/21/2015,9/27/2015,0.0,1.2,1.3,1.5,1.7,1.9,1.9,1.9,2.1,2.3,2.3,2.6,2.7,2.7,3.0,3.2,3.3,3.5,3.7,3.7,3.8,4.1,4.5,4.9,5.1,7.4,9.3,10.6,11.3,11.9,12.1,12.5,13.6,14.3,18.1,28,41.8,60.4,69.7,70.7,1,3,9,5.8,0.2,5F9,12F9,3/18/2016,26,1.56,,
28455,BdTR10a_R3F,BdTR10a,Clone5,3,728,BVZ0049,SRE,NCRIS-5,9A2,18,2,9/14/2015,9/21/2015,9/27/2015,0.0,1.3,1.4,1.6,1.9,1.9,1.9,2.0,2.2,2.4,2.5,2.7,2.8,2.9,3.1,3.2,3.3,3.6,3.7,3.9,3.9,4.1,4.4,4.8,4.3,5.9,8.2,8.3,8.9,9.1,9.1,10.5,11.6,11.7,14.5,22.5,34.7,55.7,61,61.6,1,4,10,5.9,0.2,5G9,12G9,3/15/2016,28,1.73,,
28456,BdTR1n_R2F,BdTR1n,Clone1,2,659,BVZ0049,SRE,NCRIS-5,9A3,18,3,9/14/2015,9/21/2015,9/27/2015,0.0,1.2,1.3,1.5,1.7,1.9,1.9,1.9,2.1,2.2,2.3,2.6,2.7,2.8,2.9,3.0,3.1,3.4,3.5,3.7,3.8,4.0,4.4,4.7,3.8,4.8,6.6,7.0,7.0,8.0,8.2,8.9,10.5,10.8,13,17.3,26,53.8,61.4,61.3,0,3,12,5.0,0.2,5H9,12H9,3/15/2016,28,1.49,,
28457,BdTR2g_R2F,BdTR2g,Clone1,2,666,BVZ0049,SRE,NCRIS-5,9A4,18,4,9/14/2015,9/21/2015,9/27/2015,0.0,1.0,1.1,1.3,1.4,1.6,1.8,1.9,2.0,2.1,2.3,2.5,2.6,2.7,2.9,2.9,3.0,3.3,3.3,3.6,3.7,3.9,4.3,4.5,4.1,5.9,6.4,7.2,7.4,8.6,8.9,9.1,10.1,10.6,13.1,20.3,28,46.7,55.5,54.5,1,4,10,5.3,0.2,5A10,12A10,3/11/2016,32,1.42,,
28458,BdTR2m_R1F,BdTR2m,Clone1,1,671,BVZ0049,SRE,NCRIS-5,9A5,18,5,9/14/2015,9/21/2015,9/27/2015,0.0,1.1,1.2,1.4,1.5,1.7,1.7,1.9,2.2,2.3,2.4,2.6,2.8,2.9,3.0,3.2,3.2,3.5,3.6,3.8,3.9,4.1,4.5,4.9,4.8,6.1,7.1,7.4,7.8,8.0,7.8,9.1,9.7,10.1,12.8,19,30.6,50.3,56.5,55.7,2,5,15,5.5,0.3,5B10,12B10,3/11/2016,38,1.87,,
28459,BdTR3n_R3F,BdTR3n,Clone2,3,689,BVZ0049,SRE,NCRIS-5,9B1,19,1,9/14/2015,9/21/2015,9/27/2015,1.1,1.4,1.7,1.9,1.9,1.9,2.0,2.1,2.3,2.5,2.6,2.8,2.9,3.2,3.4,3.5,3.6,3.9,3.9,4.1,4.1,4.5,4.9,5.4,5.3,7.5,9.3,9.5,10.3,10.4,11.4,12.0,12.6,14.1,18,27.5,39.1,58.3,61.3,65.1,1,3,12,6.9,0.2,5C10,12C10,3/11/2016,35,2.29,,
28460,BdTR1k_R2F,BdTR1k,Clone1,2,657,BVZ0049,SRE,NCRIS-5,9B2,19,2,9/14/2015,9/21/2015,9/27/2015,0.0,1.1,1.2,1.4,1.6,1.7,1.9,1.9,2.1,2.3,2.4,2.7,2.7,2.9,3.0,3.1,3.1,3.4,3.6,3.7,3.7,4.0,4.4,4.7,5.2,6.2,7.0,7.5,8.0,8.6,8.9,9.3,10.8,10.8,14.6,21.8,31.6,55.3,61.1,60.5,1,3,14,5.4,0.2,5D10,12D10,3/13/2016,35,1.53,,
28461,BdTR10n_R3F,BdTR10n,Clone6,3,740,BVZ0049,SRE,NCRIS-5,9B3,19,3,9/14/2015,9/21/2015,9/27/2015,0.0,1.1,1.1,1.3,1.5,1.7,1.9,1.9,2.1,2.2,2.3,2.5,2.7,2.9,3.1,3.1,3.3,3.6,3.7,3.9,3.9,4.1,4.5,5.0,4.7,6.3,7.7,8.5,8.1,9.3,11.6,11.6,12.3,13.0,17,28,36.1,57.4,65.4,66.7,1,5,7,6.4,0.2,5E10,12E10,3/7/2016,27,1.94,,
28462,BdTR11c_R1F,BdTR11c,Clone6,1,744,BVZ0049,SRE,NCRIS-5,9B4,19,4,9/14/2015,9/21/2015,9/27/2015,0.0,1.0,1.2,1.3,1.5,1.7,1.9,1.9,2.0,2.1,2.2,2.4,2.6,2.7,2.9,3.0,3.1,3.4,3.5,3.7,3.9,4.1,4.5,4.9,4.1,5.8,7.6,8.4,8.6,9.8,10.0,10.9,12.4,12.6,15.6,28.1,37.7,66.3,70,72.3,0,5,8,7.1,0.3,5F10,12F10,3/8/2016,29,2.37,,
28463,BdTR10g_R2F,BdTR10g,Clone5,2,734,BVZ0049,SRE,NCRIS-5,9B5,19,5,9/14/2015,9/21/2015,9/27/2015,1.3,1.4,1.7,1.9,1.9,1.9,2.1,2.2,2.5,2.6,2.7,2.9,3.1,3.3,3.5,3.6,3.6,3.9,4.0,4.1,4.1,4.4,4.7,5.2,3.9,5.9,7.3,7.3,8.3,8.4,9.5,10.1,10.3,11.4,14.2,22.1,31.2,52.9,58.7,59.6,1,4,11,5.5,0.2,5G10,12G10,3/13/2016,31,1.75,,
28464,BdTR11c_R3F,BdTR11c,Clone6,3,744,BVZ0049,SRE,NCRIS-5,9C1,20,1,9/14/2015,9/21/2015,9/27/2015,0.0,0.0,1.0,1.2,1.3,1.4,1.7,1.9,1.9,2.0,2.1,2.4,2.5,2.6,2.9,2.9,2.9,3.2,3.3,3.5,3.5,3.9,4.3,4.5,4.1,5.8,6.3,7.7,8.0,9.0,9.8,11.0,12.1,12.3,14.3,24.2,32.8,52.2,59.2,60.7,0,6,6,6.0,0.2,5H10,12H10,3/11/2016,22,1.3,,
28465,BdTR10c_R2F,BdTR10c,Clone5,2,730,BVZ0049,SRE,NCRIS-5,9C2,20,2,9/14/2015,9/21/2015,9/27/2015,1.1,1.4,1.6,1.9,1.9,1.9,1.9,2.1,2.4,2.5,2.7,2.9,2.9,3.0,3.2,3.3,3.4,3.7,3.7,3.9,4.0,4.3,4.5,4.9,4.3,6.7,7.1,6.9,8.3,8.2,8.3,9.3,9.7,10.2,13.6,22.2,35,57,64.1,65.1,2,4,10,5.8,0.2,5A11,12A11,3/18/2016,30,1.57,,
28466,BdTR3j_R1F,BdTR3j,Clone2,1,686,BVZ0049,SRE,NCRIS-5,9C3,20,3,9/14/2015,9/21/2015,9/27/2015,1.0,1.3,1.4,1.6,1.9,1.9,2.0,2.1,2.3,2.5,2.6,2.9,3.0,3.1,3.3,3.4,3.5,3.8,3.9,4.0,4.0,4.4,4.7,5.3,4.8,5.2,7.5,8.0,8.7,8.6,9.8,10.3,10.5,11.7,15.5,26.7,38.1,63.4,70.2,71.2,2,6,13,6.4,0.2,5B11,12B11,3/15/2016,38,2.56,,
28467,ELI1_R1F,ELI1,HYB1,1,342,BVZ0049,SRE,NCRIS-5,9C4,20,4,9/14/2015,9/21/2015,9/27/2015,0.0,0.0,0.0,1.1,1.2,1.4,1.6,1.9,1.9,2.1,2.1,2.4,2.5,2.7,2.9,2.9,3.0,3.3,3.3,3.5,3.6,3.8,4.3,4.6,4.6,7.3,8.4,12.6,13.6,16.3,18.3,19.6,23.1,25.7,32.5,46.4,55.3,70.5,78.7,9.1,1,4,9,12.0,0.4,5C11,12C11,3/4/2016,33,3.2,,
28468,BdTR3e_R3F,BdTR3e,Clone2,3,681,BVZ0049,SRE,NCRIS-5,9C5,20,5,9/14/2015,9/21/2015,9/27/2015,1.0,1.4,1.6,1.9,1.9,1.9,2.1,2.2,2.4,2.6,2.9,2.9,3.1,3.2,3.3,3.4,3.5,3.8,3.9,4.1,4.1,4.4,4.8,5.3,4.3,7.5,7.0,7.0,9.3,9.3,9.8,10.9,10.6,12.3,16.9,25.8,38,60.1,68.6,70.1,2,5,10,6.8,0.3,5D11,12D11,3/13/2016,28,2.2,,
28469,Bd21_R7F,Bd21,Bd21,7,4741,BVZ0049,SRE,NCRIS-5,9D1,21,1,9/14/2015,9/21/2015,9/27/2015,0.0,0.0,0.0,1.0,1.2,1.4,1.5,1.7,1.9,2.1,2.2,2.4,2.5,2.7,2.9,3.0,3.1,3.3,3.3,3.5,3.7,3.9,4.3,4.6,4.7,6.8,7.0,7.6,7.8,9.0,8.5,9.0,10.1,10.2,12.7,18.6,29.6,47.5,49.1,48.6,0,3,6,5.4,0.2,5E11,12E11,3/4/2016,16,0.9,,
28470,BdTR13m_R2F,BdTR13m,Clone7,2,765,BVZ0049,SRE,NCRIS-5,9D2,21,2,9/14/2015,9/21/2015,9/27/2015,0.0,1.1,1.3,1.5,1.7,1.9,1.9,2.1,2.4,2.5,2.6,2.9,3.1,3.2,3.3,3.5,3.5,3.9,3.9,4.0,4.0,4.4,4.9,5.3,4.1,5.4,6.7,7.9,7.9,8.0,8.9,10.4,11.0,12.5,17,26.1,38.4,57.2,63.7,65.1,2,2,7,5.2,0.2,5F11,12F11,3/7/2016,23,1.44,,
28471,BdTR13j_R3F,BdTR13j,Clone7,3,763,BVZ0049,SRE,NCRIS-5,9D3,21,3,9/14/2015,9/21/2015,9/27/2015,1.1,1.4,1.5,1.7,1.9,1.9,2.1,2.3,2.5,2.7,2.9,2.9,3.2,3.3,3.5,3.6,3.7,4.1,4.1,4.3,4.4,4.7,5.2,5.6,4.5,5.5,6.7,6.8,8.2,8.0,9.6,10.2,12.0,13.1,15.8,27.3,35.5,54.3,56.3,57.1,2,3,10,5.4,0.2,5G11,12G11,3/4/2016,34,1.92,,
28472,BdTR3h_R3F,BdTR3h,Clone2,3,684,BVZ0049,SRE,NCRIS-5,9D4,21,4,9/14/2015,9/21/2015,9/27/2015,1.1,1.4,1.7,1.9,1.9,2.1,2.1,2.3,2.5,2.6,2.7,3.2,3.3,3.4,3.6,3.7,3.9,4.1,4.3,4.4,4.5,4.7,5.2,5.6,4.9,7.8,8.9,8.8,9.0,9.2,10.5,10.5,12.6,12.9,16.7,27.1,38.6,57.1,66.8,68.3,2,6,10,6.3,0.3,5H11,12H11,3/13/2016,34,2.31,,
28473,BdTR9a_R1F,BdTR9a,Clone4,1,717,BVZ0049,SRE,NCRIS-5,10A1,22,1,9/14/2015,9/21/2015,9/27/2015,0.0,1.2,1.3,1.5,1.7,1.9,1.9,1.9,2.2,2.3,2.4,2.6,2.7,3.0,3.2,3.3,3.3,3.7,3.7,3.9,3.9,4.1,4.5,4.9,5.3,7.4,9.2,9.6,8.5,10.0,10.4,12.0,12.7,13.7,17.5,24.8,32.8,61.7,66.9,66.5,1,5,15,6.1,0.2,5A12,12A12,3/19/2016,46,2.22,,
28474,BdTR3p_R1F,BdTR3p,Clone2,1,691,BVZ0049,SRE,NCRIS-5,10A2,22,2,9/14/2015,9/21/2015,9/27/2015,0.0,1.1,1.3,1.4,1.6,1.7,1.9,1.9,2.1,2.2,2.3,2.6,2.7,2.9,3.0,3.1,3.2,3.5,3.6,3.7,3.8,4.1,4.4,4.7,3.8,5.0,7.7,7.2,7.4,8.4,8.4,9.0,10.2,10.5,15.6,25.5,34.9,57.3,60.8,63.2,1,3,10,5.9,0.2,5B12,12B12,3/18/2016,29,1.98,,
28475,BdTR9a_R2F,BdTR9a,Clone4,2,717,BVZ0049,SRE,NCRIS-5,10A3,22,3,9/14/2015,9/21/2015,9/27/2015,0.0,1.1,1.3,1.5,1.6,1.9,1.9,1.9,2.1,2.2,2.3,2.5,2.7,2.7,3.1,3.3,3.3,3.7,3.7,3.9,3.9,4.2,4.5,4.9,4.7,6.3,8.4,8.8,8.8,9.1,9.0,10.3,11.5,12.3,16.4,25.4,36.1,60.6,67.3,69.7,1,6,13,5.6,0.3,5C12,12C12,3/18/2016,39,2.19,,
28476,BRO1-1_R1F,BRO1-1,HYB1,1,278,BVZ0049,SRE,NCRIS-5,10A4,22,4,9/14/2015,9/21/2015,9/27/2015,0.0,0.0,0.0,1.1,1.2,1.5,1.6,1.9,1.9,2.0,2.1,2.3,2.4,2.5,2.7,2.7,2.8,3.3,4.2,4.3,4.3,4.5,5.3,5.5,5.8,10.0,10.7,15.6,17.3,17.4,19.8,20.7,21.0,21.2,32.6,60,37.6,91.3,100.4,102.6,2,7,6,12.4,0.3,5D12,12D12,3/7/2016,21,4.34,,
28477,BdTR1h_R2F,BdTR1h,Clone1,2,654,BVZ0049,SRE,NCRIS-5,10A5,22,5,9/14/2015,9/21/2015,9/27/2015,1.0,1.5,1.7,1.9,1.9,1.9,2.0,2.1,2.3,2.5,2.5,2.8,3.1,3.1,3.3,3.4,3.5,3.8,3.9,4.0,4.0,4.4,4.7,5.1,5.2,7.0,8.3,8.6,8.3,8.4,9.0,10.1,10.5,11.6,13.1,19.5,31.2,52.1,58,58.9,1,6,13,5.6,0.2,5E12,12E12,3/13/2016,42,2.02,,
28478,BdTR2p_R3F,BdTR2p,Clone1,3,674,BVZ0049,SRE,NCRIS-5,10B1,23,1,9/14/2015,9/21/2015,9/27/2015,0.0,1.2,1.4,1.5,1.6,1.9,1.9,1.9,2.2,2.3,2.4,2.7,2.7,2.9,3.0,3.1,3.3,3.6,3.7,3.9,3.9,4.0,4.4,4.7,4.4,5.1,6.2,6.4,6.7,6.8,6.8,8.5,9.3,9.5,12.7,18.6,28.1,52,57.2,58.9,1,6,14,4.8,0.2,5F12,12F12,3/13/2016,44,1.9,,
28479,BdTR10a_R2F,BdTR10a,Clone5,2,728,BVZ0049,SRE,NCRIS-5,10B2,23,2,9/14/2015,9/21/2015,9/27/2015,1.3,1.5,1.7,1.9,1.9,1.9,2.0,2.1,2.3,2.4,2.5,2.7,3.0,3.1,3.2,3.3,3.4,3.7,3.7,3.9,4.0,4.3,4.6,4.9,4.2,6.8,7.9,8.0,8.3,8.4,8.2,9.0,9.8,10.7,15.4,23.4,31.6,58.5,63.8,66,1,6,15,5.9,0.2,5G12,12G12,3/13/2016,43,2.32,,
28480,BdTR1g_R3F,BdTR1g,Clone1,3,653,BVZ0049,SRE,NCRIS-5,10B3,23,3,9/14/2015,9/21/2015,9/27/2015,1.0,1.4,1.5,1.6,1.8,1.9,1.9,2.0,2.2,2.3,2.3,2.6,2.7,2.7,3.0,3.2,3.3,3.5,3.6,3.7,3.8,4.1,4.5,4.9,4.9,5.8,8.0,8.1,8.2,7.9,7.8,8.2,9.0,9.2,13.1,20.5,30.4,52.5,59,60.1,2,7,14,5.2,0.3,5H12,12H12,3/11/2016,38,2,,
28481,BdTR13g_R3F,BdTR13g,Clone7,3,760,BVZ0049,SRE,NCRIS-5,10B4,23,4,9/14/2015,9/21/2015,9/27/2015,1.1,1.4,1.6,1.9,1.9,1.9,2.1,2.2,2.4,2.5,2.6,3.1,3.2,3.3,3.5,3.6,3.7,4.0,4.1,4.3,4.4,4.7,5.1,5.5,4.1,6.2,7.7,8.0,8.1,8.3,9.7,10.6,11.2,12.2,17.1,28.9,39.3,55.7,60,59.9,1,5,11,5.4,0.2,6A1,13A1,3/9/2016,39,2.3,,
28482,BdTR1b_R3F,BdTR1b,Clone1,3,648,BVZ0049,SRE,NCRIS-5,10B5,23,5,9/14/2015,9/21/2015,9/27/2015,0.0,1.1,1.3,1.4,1.6,1.8,1.9,1.9,2.1,2.2,2.3,2.5,2.7,2.8,2.9,3.0,3.1,3.3,3.5,3.6,3.7,4.0,4.3,4.7,4.0,4.9,6.1,6.5,6.8,7.9,7.7,8.0,9.1,9.1,12,18.4,25.4,45.2,52.2,55.3,2,7,14,5.4,0.2,6B1,13B1,3/8/2016,29,1.33,,
28483,BdTR10e_R1F,BdTR10e,Clone5,1,732,BVZ0049,SRE,NCRIS-5,10C1,24,1,9/14/2015,9/21/2015,9/27/2015,1.0,1.3,1.6,1.8,1.9,1.9,1.9,2.1,2.3,2.4,2.5,2.7,2.8,3.0,3.1,3.3,3.3,3.6,3.7,3.8,3.9,4.1,4.5,4.9,4.6,6.0,7.7,7.8,8.3,8.3,8.4,9.0,9.7,10.0,13.9,20.3,28.3,48.6,54.7,57.5,1,4,14,5.7,0.2,6C1,13C1,3/15/2016,37,1.74,,
28484,BdTR1b_R1F,BdTR1b,Clone1,1,648,BVZ0049,SRE,NCRIS-5,10C2,24,2,9/14/2015,9/21/2015,9/27/2015,0.0,1.1,1.3,1.5,1.6,1.8,1.9,1.9,2.1,2.2,2.3,2.5,2.7,2.8,3.0,3.1,3.2,3.4,3.5,3.6,3.7,4.0,4.3,4.7,4.1,5.0,6.7,7.0,7.1,7.9,8.3,8.2,9.5,9.4,12.8,17.2,26,50.1,56.3,57.6,1,5,15,5.1,0.2,6D1,13D1,3/15/2016,33,1.79,,
28485,BdTR9a_R3F,BdTR9a,Clone4,3,717,BVZ0049,SRE,NCRIS-5,10C3,24,3,9/14/2015,9/21/2015,9/27/2015,0.0,1.0,1.2,1.4,1.7,1.9,1.9,1.9,2.1,2.3,2.4,2.6,2.7,2.7,3.0,3.1,3.3,3.6,3.6,3.8,3.9,4.1,4.5,4.9,3.9,6.0,8.1,8.5,8.6,8.9,9.0,10.1,10.9,11.5,16.2,23.6,33.4,62.8,67.3,69.2,2,5,13,5.9,0.2,6E1,13E1,3/18/2016,42,2.36,,
28486,BdTR3b_R1F,BdTR3b,Clone2,1,678,BVZ0049,SRE,NCRIS-5,10C4,24,4,9/14/2015,9/21/2015,9/27/2015,0.0,1.2,1.4,1.6,1.8,1.9,1.9,2.0,2.1,2.3,2.4,2.7,2.8,3.0,3.1,3.2,3.3,3.7,3.7,3.9,3.9,4.3,4.6,5.1,3.5,5.0,7.5,7.9,8.3,9.1,9.1,10.5,11.4,12.1,18,27.6,36.7,57,62.2,65.7,2,4,11,6.5,0.2,6F1,13F1,3/13/2016,36,2.57,,
28487,BdTR3k_R2F,BdTR3k,Clone2,2,687,BVZ0049,SRE,NCRIS-5,10C5,24,5,9/14/2015,9/21/2015,9/27/2015,0.0,1.2,1.5,1.6,1.9,1.9,1.9,2.1,2.4,2.5,2.6,2.9,2.9,3.1,3.3,3.4,3.5,3.8,3.9,4.0,4.1,4.4,4.7,5.2,4.1,5.2,7.5,7.5,9.0,9.0,9.6,10.6,11.8,12.5,16.4,25.4,37.6,55.7,60.3,62.3,2,6,12,6.5,0.3,6G1,13G1,3/11/2016,36,2.39,,
28488,BdTR3p_R3F,BdTR3p,Clone2,3,691,BVZ0049,SRE,NCRIS-5,10D1,25,1,9/14/2015,9/21/2015,9/27/2015,0.0,1.1,1.3,1.4,1.6,1.9,1.9,2.0,2.2,2.3,2.5,2.7,2.8,3.0,3.1,3.2,3.3,3.5,3.6,3.7,3.8,4.2,4.5,4.9,4.3,5.0,6.2,6.5,8.9,7.2,7.4,7.7,8.1,9.0,13.7,22.2,31.6,53.2,57.3,58.3,2,6,14,5.7,0.2,6H1,13H1,3/20/2016,41,2.46,,
28489,BdTR5d_R1F,BdTR5d,Clone3,1,698,BVZ0049,SRE,NCRIS-5,10D2,25,2,9/14/2015,9/21/2015,9/27/2015,0.0,0.0,0.0,1.0,1.1,1.2,1.4,1.6,1.7,1.8,2.0,2.3,2.4,2.5,2.7,2.7,2.9,3.1,3.2,3.3,3.4,3.6,4.0,4.3,3.3,5.8,5.6,5.9,6.0,6.3,7.3,7.9,8.4,9.1,11.3,19.6,29.5,46.2,58.4,68,0,3,6,5.3,0.2,6A2,13A2,4/3/2016,29,1.72,,
28490,BdTR1g_R2F,BdTR1g,Clone1,2,653,BVZ0049,SRE,NCRIS-5,10D3,25,3,9/14/2015,9/21/2015,9/27/2015,1.2,1.4,1.6,1.8,1.9,1.9,2.0,2.1,2.3,2.5,2.5,2.8,2.9,3.1,3.3,3.3,3.5,3.7,3.7,3.9,4.0,4.1,4.5,5.0,5.0,6.1,7.6,7.7,8.4,8.4,8.4,9.7,10.2,10.7,13.6,22.3,29.2,51.3,58.1,59.5,2,6,16,5.9,0.3,6B2,13B2,3/8/2016,41,2.03,,
28491,BdTR2s_R3F,BdTR2s,Clone1,3,676,BVZ0049,SRE,NCRIS-5,10D4,25,4,9/14/2015,9/21/2015,9/27/2015,1.3,1.4,1.6,1.8,1.9,1.9,2.0,2.1,2.4,2.5,2.6,2.8,2.9,3.1,3.3,3.3,3.5,3.7,3.9,3.9,4.1,4.3,4.6,5.1,5.2,6.6,7.8,7.8,8.1,8.2,8.4,9.7,9.8,9.9,13.7,19,28.1,52.9,59.7,62.1,2,5,14,5.4,0.3,6C2,13C2,3/9/2016,35,1.67,,
28492,BdTR3g_R3F,BdTR3g,Clone2,3,683,BVZ0049,SRE,NCRIS-5,11A1,26,1,9/14/2015,9/21/2015,9/27/2015,0.0,1.1,1.5,1.6,1.8,1.9,1.9,2.1,2.3,2.4,2.5,2.7,3.0,3.1,3.2,3.3,3.4,3.7,3.9,3.9,4.0,4.3,4.7,5.1,3.7,5.2,7.3,7.5,7.8,8.1,8.2,8.9,9.1,10.2,13.7,24.6,35.7,53.1,59,60.8,1,5,15,5.9,0.2,6D2,13D2,3/15/2016,44,2.78,,
28493,BdTR1k_R3F,BdTR1k,Clone1,3,657,BVZ0049,SRE,NCRIS-5,11A2,26,2,9/14/2015,9/21/2015,9/27/2015,0.0,1.2,1.4,1.6,1.7,1.9,1.9,2.0,2.3,2.3,2.4,2.7,2.7,2.8,3.1,3.2,3.3,3.5,3.6,3.8,3.9,4.1,4.5,4.9,5.1,5.8,7.6,8.0,7.9,8.2,8.3,9.4,10.2,10.3,13.5,20.3,28,48.7,56.8,59,1,5,16,5.5,0.3,6E2,13E2,3/13/2016,41,1.68,,
28494,BdTR10d_R2F,BdTR10d,Clone5,2,731,BVZ0049,SRE,NCRIS-5,11A3,26,3,9/14/2015,9/21/2015,9/27/2015,0.0,1.1,1.3,1.5,1.7,1.9,1.9,2.0,2.3,2.4,2.6,2.8,2.9,2.9,3.0,3.2,3.2,3.6,3.6,3.7,3.9,4.1,4.4,4.8,4.0,5.0,6.6,6.8,7.8,8.1,8.1,9.0,10.3,10.3,14.3,19.7,28.9,48.7,58.9,61.8,1,3,12,5.6,0.2,6F2,13F2,3/19/2016,33,1.88,,
28495,BdTR13b_R2F,BdTR13b,Clone7,2,755,BVZ0049,SRE,NCRIS-5,11A4,26,4,9/14/2015,9/21/2015,9/27/2015,0.0,1.2,1.4,1.6,1.9,1.9,1.9,2.1,2.4,2.5,2.7,2.9,2.9,3.2,3.4,3.5,3.6,3.9,4.0,4.1,4.2,4.5,5.1,5.3,4.2,5.1,6.5,6.6,7.6,8.1,9.0,10.1,11.0,12.1,15.8,26.9,35,53.3,55.5,60,2,3,9,5.4,0.2,6G2,13G2,3/3/2016,28,1.75,,
28496,BdTR1a_R2F,BdTR1a,Clone1,2,647,BVZ0049,SRE,NCRIS-5,11A5,26,5,9/14/2015,9/21/2015,9/27/2015,1.0,1.2,1.4,1.5,1.7,1.9,1.9,2.1,2.4,2.4,2.5,2.7,2.9,3.1,3.2,3.3,3.4,3.7,3.8,3.9,4.0,4.3,4.5,5.0,5.2,6.0,8.0,8.2,8.9,8.9,8.8,10.4,11.0,11.3,14.1,20.9,28.4,51,59.2,59.5,1,6,13,6.0,0.3,6H2,13H2,3/9/2016,38,1.78,,
28497,BdTR3i_R3F,BdTR3i,Clone2,3,685,BVZ0049,SRE,NCRIS-5,11B1,27,1,9/14/2015,9/21/2015,9/27/2015,1.0,1.3,1.5,1.7,1.9,1.9,2.0,2.1,2.3,2.4,2.5,2.7,2.8,3.1,3.3,3.3,3.4,3.7,3.8,4.0,4.1,4.4,4.7,5.1,3.6,5.5,7.6,7.7,8.3,8.1,8.4,10.0,9.9,11.7,15.8,22.2,35.9,57.8,64.5,66.6,1,6,14,5.9,0.2,6A3,13A3,3/18/2016,42,2.64,,
28498,BdTR5h_R2F,BdTR5h,Clone3,2,702,BVZ0049,SRE,NCRIS-5,11B2,27,2,9/14/2015,9/21/2015,9/27/2015,0.0,0.0,1.0,1.1,1.3,1.5,1.6,1.7,1.9,2.0,2.1,2.4,2.5,2.6,2.7,2.8,3.0,3.3,3.3,3.5,3.7,3.9,4.3,4.5,3.7,6.0,6.8,7.0,6.9,7.3,7.9,7.9,10.2,10.2,13,20.1,29.3,48.3,60.5,70.4,0,3,7,5.7,0.2,6B3,13B3,4/2/2016,38,2.05,,
28499,BdTR1h_R1F,BdTR1h,Clone1,1,654,BVZ0049,SRE,NCRIS-5,11B3,27,3,9/14/2015,9/21/2015,9/27/2015,0.0,1.2,1.3,1.5,1.7,1.9,1.9,2.0,2.2,2.3,2.4,2.7,2.8,2.9,3.1,3.2,3.3,3.5,3.7,3.8,3.9,4.1,4.4,4.7,5.1,6.3,7.7,8.1,8.5,8.9,8.9,9.9,10.8,10.9,12,19.3,28.3,55,63.2,64.5,1,5,14,5.7,0.3,6C3,13C3,3/11/2016,35,1.9,,
28500,BdTR2c_R2F,BdTR2c,Clone1,2,662,BVZ0049,SRE,NCRIS-5,11B4,27,4,9/14/2015,9/21/2015,9/27/2015,1.1,1.4,1.6,1.7,1.9,1.9,1.9,2.1,2.3,2.4,2.5,2.7,2.9,3.1,3.3,3.3,3.4,3.7,3.7,3.9,4.0,4.2,4.6,5.0,4.7,6.0,7.9,7.9,8.4,8.5,8.5,9.9,10.2,10.7,13.1,18.7,37.1,49.6,61.5,64.8,2,6,15,5.8,0.3,6D3,13D3,3/13/2016,41,1.86,,
28501,BdTR9k_R3F,BdTR9k,Clone4,3,726,BVZ0049,SRE,NCRIS-5,11B5,27,5,9/14/2015,9/21/2015,9/27/2015,1.1,1.4,1.6,1.9,1.9,1.9,2.0,2.1,2.3,2.5,2.5,2.7,2.8,3.1,3.4,3.5,3.6,3.8,3.9,4.0,4.1,4.4,4.7,5.2,5.2,8.0,9.6,9.7,9.7,10.1,10.7,11.8,12.4,13.1,16.5,23,34.3,58.4,66.3,69.4,2,6,13,6.1,0.2,6E3,13E3,3/11/2016,31,1.93,,
28502,BdTR3m_R2F,BdTR3m,Clone2,2,688,BVZ0049,SRE,NCRIS-5,11C1,28,1,9/14/2015,9/21/2015,9/27/2015,1.1,1.3,1.5,1.9,1.9,1.9,2.0,2.1,2.3,2.5,2.6,2.8,3.1,3.2,3.3,3.4,3.5,3.9,3.9,4.0,4.1,4.4,4.7,5.3,4.6,6.8,8.3,8.3,8.7,8.9,9.7,11.1,11.1,12.6,16.5,26.7,39.1,54.6,62.8,66.7,1,5,9,6.4,0.3,6F3,13F3,3/13/2016,30,2.25,,
28503,MEL8_R3F,MEL8,HYB1,3,469,BVZ0049,SRE,NCRIS-5,11C2,28,2,9/14/2015,9/21/2015,9/28/2015,0.0,0.0,0.0,1.1,1.2,1.5,1.7,1.9,1.9,2.1,2.3,2.5,2.6,2.7,2.9,3.0,3.1,3.4,3.5,3.6,3.7,4.1,4.4,4.7,4.6,7.8,9.2,12.9,14.3,17.7,19.1,20.2,24.8,25.7,33.6,50.1,55.7,65.7,69,69.6,1,6,9,11.8,0.4,6G3,13G3,3/2/2016,32,3.09,,
28504,EGL7_R3F,EGL7,HYB1,3,338,BVZ0049,SRE,NCRIS-5,11C3,28,3,9/14/2015,9/21/2015,9/27/2015,0.0,0.0,0.0,1.0,1.3,1.4,1.6,1.7,1.9,1.9,2.1,2.4,2.5,2.6,2.9,2.9,2.9,3.2,3.3,3.4,3.4,3.7,4.3,4.5,4.8,8.0,8.7,12.6,14.2,16.5,18.8,20.1,23.7,25.7,30.6,49.9,55.6,66.9,71.7,72,1,5,8,11.9,0.4,6H3,13H3,3/4/2016,28,2.95,,
28505,Bd21_R17F,Bd21,Bd21,17,4741,BVZ0049,SRE,NCRIS-5,11C4,28,4,9/14/2015,9/21/2015,9/27/2015,0.0,0.0,1.1,1.2,1.3,1.5,1.7,1.9,2.0,2.1,2.2,2.4,2.6,2.7,3.0,3.1,3.1,3.3,3.5,3.6,3.7,4.1,4.3,4.7,4.5,7.0,7.0,8.3,8.3,9.0,9.0,9.3,10.4,10.3,12.6,19,30.7,52.4,55.1,55.1,2,4,7,5.1,0.3,6A4,13A4,3/8/2016,24,1.32,,
28506,BdTR5d_R3F,BdTR5d,Clone3,3,698,BVZ0049,SRE,NCRIS-5,11C5,28,5,9/14/2015,9/21/2015,9/27/2015,0.0,0.0,1.2,1.3,1.5,1.7,1.9,1.9,2.0,2.1,2.3,2.5,2.6,2.7,2.9,3.0,3.1,3.4,3.4,3.7,3.7,3.9,4.3,4.6,4.5,6.1,7.1,7.8,7.5,8.8,8.8,9.0,11.2,11.2,12.1,14.1,25.7,53,57.6,67.6,1,4,7,6.3,0.2,6B4,13B4,4/2/2016,42,2.25,,
28507,BdTR3m_R3F,BdTR3m,Clone2,3,688,BVZ0049,SRE,NCRIS-5,11D1,29,1,9/14/2015,9/21/2015,9/27/2015,1.2,1.4,1.5,1.9,1.9,1.9,2.1,2.2,2.4,2.5,2.7,2.9,3.1,3.3,3.4,3.5,3.6,3.9,4.0,4.1,4.1,4.4,4.9,5.3,4.4,6.1,7.6,7.6,8.5,8.4,9.4,10.6,10.6,12.0,15.5,24.2,36,53.5,59.3,60,2,4,16,6.3,0.2,6C4,13C4,3/15/2016,48,2.26,,
28508,KEI1_R2F,KEI1,HYB2,2,422,BVZ0049,SRE,NCRIS-5,11D2,29,2,9/14/2015,9/21/2015,9/27/2015,0.0,0.0,1.1,1.3,1.5,1.9,1.9,1.9,2.2,2.3,2.4,2.7,2.9,2.9,3.1,3.2,3.3,3.5,3.6,3.7,3.7,4.2,4.4,4.7,4.5,7.0,10.1,12.5,15.5,18.0,19.9,21.3,24.7,25.6,31.8,49.1,54.4,63.5,68,68.8,1,6,9,12.2,0.2,6D4,13D4,3/4/2016,32,2.99,,
28509,ELI10_R3F,ELI10,HYB1,3,349,BVZ0049,SRE,NCRIS-5,11D3,29,3,9/14/2015,9/21/2015,9/27/2015,0.0,0.0,1.1,1.3,1.5,1.8,1.9,1.9,2.2,2.4,2.6,2.9,2.9,2.9,3.2,3.3,3.4,3.6,3.7,3.9,3.9,4.3,4.5,5.1,5.5,7.5,9.9,12.4,17.0,19.5,20.9,23.2,26.2,27.4,34.9,50.5,57.3,66.3,72.5,62,1,7,12,12.0,0.3,6E4,13E4,3/3/2016,40,3.42,,
28510,BdTR1m_R2F,BdTR1m,Clone1,2,658,BVZ0049,SRE,NCRIS-5,11D4,29,4,9/14/2015,9/21/2015,9/27/2015,0.0,1.2,1.3,1.5,1.6,1.9,1.9,1.9,2.1,2.3,2.4,2.6,2.7,2.8,3.0,3.1,3.2,3.4,3.5,3.7,3.7,4.0,4.4,4.9,4.6,6.0,7.6,8.0,7.9,8.3,8.4,8.8,9.6,9.6,13.2,20.1,28,46.6,59.7,59.5,1,5,15,5.8,0.2,6F4,13F4,3/11/2016,36,1.76,,
28511,BdTR2s_R2F,BdTR2s,Clone1,2,676,BVZ0049,SRE,NCRIS-5,12A1,30,1,9/14/2015,9/21/2015,9/27/2015,0.0,1.1,1.2,1.5,1.7,1.8,1.9,1.9,2.2,2.3,2.4,2.6,2.7,2.9,3.0,3.1,3.2,3.5,3.6,3.7,3.7,4.0,4.4,4.7,4.3,5.4,6.5,6.7,7.0,7.5,7.5,7.7,8.8,9.5,11.1,15.7,25.5,46.2,53,53.6,1,6,17,5.2,0.2,6G4,13G4,3/13/2016,46,1.74,,
28512,Bd21_R15F,Bd21,Bd21,15,4741,BVZ0049,SRE,NCRIS-5,12A2,30,2,9/14/2015,9/21/2015,9/27/2015,0.0,0.0,1.1,1.3,1.5,1.7,1.9,1.9,2.1,2.2,2.3,2.5,2.6,2.7,3.1,3.1,3.3,3.5,3.6,3.8,3.9,4.1,4.4,4.9,4.0,6.6,7.4,8.0,8.1,8.3,8.1,8.9,9.4,9.4,11.5,19.6,29.4,46.9,48.2,46.9,2,4,9,5.1,0.3,6H4,13H4,3/4/2016,30,1.14,,
28513,SLK7_R1F,SLK7,HYB1,1,548,BVZ0049,SRE,NCRIS-5,12A3,30,3,9/14/2015,9/21/2015,9/27/2015,0.0,0.0,1.0,1.2,1.4,1.7,1.9,1.9,2.1,2.3,2.4,2.7,2.7,2.9,2.9,3.1,3.2,3.4,3.5,3.7,3.7,4.2,4.5,4.7,5.7,8.9,11.3,14.9,15.8,19.1,20.7,21.2,25.0,25.7,34.2,53.5,61.5,47.7,76.8,78.3,1,6,14,12.5,0.3,6A5,13A5,3/2/2016,43,4.19,,
28514,Bd21_R10F,Bd21,Bd21,10,4741,BVZ0049,SRE,NCRIS-5,12A4,30,4,9/14/2015,9/21/2015,9/27/2015,0.0,0.0,1.1,1.2,1.4,1.6,1.9,1.9,2.0,2.2,2.3,2.5,2.6,2.7,3.0,3.1,3.1,3.4,3.4,3.6,3.7,4.1,4.3,4.6,3.8,5.9,6.8,7.6,7.4,8.5,8.5,8.5,9.6,9.6,11.6,18.2,28.3,49.3,52.1,52,0,4,9,5.4,0.2,6B5,13B5,3/8/2016,25,1.21,,
28515,BdTR5m_R1F,BdTR5m,Clone3,1,706,BVZ0049,SRE,NCRIS-5,12A5,30,5,9/14/2015,9/21/2015,9/27/2015,0.0,1.0,1.2,1.4,1.6,1.8,1.9,1.9,2.0,2.1,2.2,2.4,2.5,2.7,2.9,3.0,3.1,3.3,3.4,3.6,3.7,3.9,4.3,4.5,4.2,5.5,6.6,7.6,7.3,8.4,8.2,8.4,10.8,11.0,12.4,20.3,39.1,47.1,59,68.1,0,4,5,6.2,0.2,6C5,13C5,4/4/2016,45,2.18,,
28516,EGL7_R1F,EGL7,HYB1,1,338,BVZ0049,SRE,NCRIS-5,12B1,31,1,9/14/2015,9/21/2015,9/27/2015,0.0,0.0,0.0,1.1,1.2,1.5,1.8,1.9,2.1,2.1,2.3,2.6,2.7,2.9,2.9,3.0,3.1,3.3,3.5,3.6,3.7,4.1,4.4,4.6,5.2,7.6,8.4,12.8,14.0,17.3,19.1,20.4,25.6,27.0,32.9,53.9,59.3,63.5,74.1,73.8,1,7,15,11.5,0.4,6D5,13D5,3/2/2016,44,4.27,,
28517,BdTR5n_R2F,BdTR5n,Clone3,2,707,BVZ0049,SRE,NCRIS-5,12B2,31,2,9/14/2015,9/21/2015,9/27/2015,0.0,0.0,0.0,1.0,1.1,1.4,1.6,1.7,1.9,1.9,2.0,2.2,2.3,2.5,2.6,2.7,2.8,3.1,3.2,3.4,3.4,3.7,4.1,4.4,3.2,5.3,5.4,6.1,6.7,6.6,7.4,7.5,8.7,9.5,11.5,20,29.8,46.9,59.1,67.4,1,3,6,5.4,0.2,6E5,13E5,4/3/2016,40,2.09,,
28518,BdTR5e_R2F,BdTR5e,Clone3,2,699,BVZ0049,SRE,NCRIS-5,12B3,31,3,9/14/2015,9/21/2015,9/27/2015,0.0,0.0,1.1,1.2,1.3,1.6,1.7,1.9,1.9,2.0,2.1,2.3,2.4,2.6,2.7,2.8,3.0,3.3,3.3,3.5,3.6,3.9,4.2,4.4,3.2,5.3,5.8,7.2,7.1,7.9,8.2,8.2,10.1,10.6,11.2,19.8,29.7,48.3,60.3,64.8,0,4,8,5.9,0.2,6F5,13F5,4/4/2016,46,2.4,,
28519,BdTR1n_R1F,BdTR1n,Clone1,1,659,BVZ0049,SRE,NCRIS-5,12B4,31,4,9/14/2015,9/21/2015,9/27/2015,0.0,1.0,1.2,1.4,1.5,1.7,1.9,1.9,1.9,2.0,2.2,2.5,2.5,2.6,2.7,2.9,3.1,3.4,3.4,3.6,3.7,3.9,4.4,4.7,4.2,5.4,6.5,7.4,7.5,8.0,8.1,8.2,9.5,9.6,12.7,17.1,26.7,47.7,55,60.2,1,4,12,5.1,0.3,6G5,13G5,3/22/2016,34,1.59,,
28520,BdTR9m_R2F,BdTR9m,Clone4,2,727,BVZ0049,SRE,NCRIS-5,12B5,31,5,9/14/2015,9/21/2015,9/27/2015,0.0,1.1,1.2,1.5,1.6,1.8,1.9,1.9,2.1,2.2,2.3,2.6,2.7,2.7,3.0,3.1,3.1,3.5,3.6,3.7,3.8,4.0,4.4,4.7,4.5,6.4,7.9,8.5,8.7,9.3,9.6,10.4,12.1,12.4,16.1,21.7,31.9,57.8,68.9,72.4,0,5,12,5.8,0.2,6H5,13H5,3/19/2016,36,2.1,,
28521,BdTR3g_R1F,BdTR3g,Clone2,1,683,BVZ0049,SRE,NCRIS-5,12C1,32,1,9/14/2015,9/21/2015,9/27/2015,0.0,1.3,1.5,1.7,1.9,1.9,1.9,2.1,2.3,2.4,2.6,2.7,2.9,3.2,3.3,3.4,3.5,3.8,3.9,4.1,4.1,4.4,4.9,5.2,4.0,5.8,8.0,8.1,9.0,9.1,9.3,11.0,11.1,12.5,16.1,27.2,39.9,60.6,66.1,67,2,6,14,6.5,0.3,6A6,13A6,3/11/2016,44,2.72,,
28522,BdTR5i_R3F,BdTR5i,Clone3,3,703,BVZ0049,SRE,NCRIS-5,12C2,32,2,9/14/2015,9/21/2015,9/27/2015,0.0,0.0,1.1,1.2,1.4,1.6,1.8,1.9,1.9,2.0,2.1,2.3,2.5,2.5,2.7,2.8,2.9,3.1,3.3,3.4,3.5,3.9,4.2,4.5,3.6,5.0,5.9,7.1,7.0,7.0,7.7,7.9,9.9,10.0,16.6,18.6,28.1,49.2,62,66.4,0,3,7,6.7,0.2,6B6,13B6,4/2/2016,42,2.35,,
28523,Bd21_R14F,Bd21,Bd21,14,4741,BVZ0049,SRE,NCRIS-5,12C3,32,3,9/14/2015,9/21/2015,9/27/2015,0.0,0.0,1.0,1.1,1.3,1.5,1.6,1.7,1.9,2.0,2.1,2.4,2.5,2.6,2.8,2.9,3.0,3.1,3.3,3.4,3.4,3.9,4.1,4.5,3.5,5.8,6.9,7.0,7.5,8.1,8.1,8.5,9.5,9.9,11.2,16.5,22.9,47,49.5,49.5,0,3,6,4.9,0.2,6C6,13C6,3/8/2016,19,1.09,,
28524,BdTR10f_R2F,BdTR10f,Clone4,2,733,BVZ0049,SRE,NCRIS-5,12C4,32,4,9/14/2015,9/21/2015,9/27/2015,0.0,1.4,1.6,1.9,1.9,1.9,2.0,2.1,2.3,2.4,2.5,2.7,2.8,3.1,3.2,3.3,3.4,3.7,3.7,3.9,3.9,4.3,4.6,4.9,4.2,6.5,8.3,8.0,8.4,8.4,8.5,9.6,10.2,10.7,14.9,19.7,27.7,51.6,59.7,63.2,2,4,14,6.0,0.2,6D6,13D6,3/18/2016,44,2.34,,
28525,BdTR3c_R3F,BdTR3c,Clone2,3,679,BVZ0049,SRE,NCRIS-5,12C5,32,5,9/14/2015,9/21/2015,9/27/2015,1.2,1.4,1.6,1.9,1.9,2.0,2.1,2.4,2.5,2.6,2.7,3.1,3.2,3.2,3.4,3.5,3.7,3.9,4.0,4.1,4.2,4.5,4.9,5.3,4.9,7.2,8.5,8.5,9.4,9.4,10.5,11.2,12.1,13.7,18.2,26.1,36.1,64.8,72.4,74.7,2,4,11,6.8,0.3,6E6,13E6,3/15/2016,42,2.89,,
28526,BdTR1m_R3F,BdTR1m,Clone1,3,658,BVZ0049,SRE,NCRIS-5,12D1,33,1,9/14/2015,9/21/2015,9/27/2015,1.0,1.3,1.5,1.6,1.7,1.9,1.9,2.1,2.3,2.3,2.4,2.6,3.0,3.1,3.3,3.3,3.5,3.8,3.9,3.9,4.0,4.3,4.6,5.0,5.4,6.5,8.4,8.7,8.5,8.1,8.3,9.8,10.2,10.8,14.2,20,29.7,49.6,57.1,58.2,1,6,17,5.1,0.2,6F6,13F6,3/9/2016,42,1.75,,
28527,BdTR3r_R2F,BdTR3r,Clone2,2,692,BVZ0049,SRE,NCRIS-5,12D2,33,2,9/14/2015,9/21/2015,9/27/2015,1.0,1.3,1.5,1.7,1.9,1.9,2.0,2.1,2.3,2.5,2.6,2.8,2.9,3.2,3.3,3.4,3.6,3.8,3.9,4.1,4.1,4.4,4.8,5.2,4.4,6.1,7.8,8.1,8.9,8.8,9.8,10.4,10.8,12.5,16.3,24.5,36,58.1,66.5,67.6,2,7,14,6.4,0.2,6G6,13G6,3/16/2016,46,2.73,,
28528,Bd21_R9F,Bd21,Bd21,9,4741,BVZ0049,SRE,NCRIS-5,12D3,33,3,9/14/2015,9/21/2015,9/27/2015,0.0,0.0,1.2,1.4,1.5,1.7,1.9,1.9,2.1,2.2,2.3,2.6,2.7,2.7,3.1,3.2,3.3,3.5,3.6,3.8,3.9,4.2,4.4,4.8,4.6,6.1,7.5,7.8,8.0,8.1,8.5,9.1,9.3,9.6,12.2,21,32.1,50.4,50.6,51.8,1,4,7,5.0,0.2,6H6,13H6,3/8/2016,25,1.31,,
28529,BdTR5c_R2F,BdTR5c,Clone3,2,697,BVZ0049,SRE,NCRIS-5,12D4,33,4,9/14/2015,9/21/2015,9/27/2015,0.0,0.0,1.1,1.1,1.3,1.5,1.7,1.9,1.9,2.0,2.1,2.3,2.4,2.5,2.7,2.8,2.9,3.1,3.2,3.3,3.4,3.7,4.1,4.4,4.0,5.8,6.1,8.2,8.2,8.7,9.6,9.8,10.6,11.1,14.6,21.5,31.6,50.6,62.1,70.5,0,3,9,6.6,0.2,6A7,13A7,4/3/2016,46,2.57,,
28530,BdTR2h_R1F,BdTR2h,Clone1,1,667,BVZ0049,SRE,NCRIS-5,13A1,18,6,9/14/2015,9/21/2015,9/27/2015,0.0,1.2,1.4,1.5,1.7,1.9,1.9,2.0,2.2,2.4,2.5,2.7,2.9,3.0,3.1,3.2,3.3,3.6,3.7,3.8,3.9,4.1,4.6,4.9,5.3,5.8,7.5,7.3,8.0,8.1,8.0,9.1,9.7,9.8,11.5,20.1,34.3,59.4,66.5,66.5,2,7,14,6.6,0.3,6B7,13B7,3/9/2016,41,2.12,,
28531,BdTR2r_R3F,BdTR2r,Clone1,3,675,BVZ0049,SRE,NCRIS-5,13A2,18,7,9/14/2015,9/21/2015,9/27/2015,0.0,1.2,1.3,1.5,1.6,1.9,1.9,2.1,2.3,2.4,2.5,2.7,2.8,3.0,3.2,3.3,3.3,3.7,3.7,3.9,3.9,4.2,4.6,5.0,5.4,6.5,8.2,8.2,8.9,8.9,8.9,10.2,10.7,11.5,14.2,22.3,34.7,54.7,57.6,56.5,1,5,15,5.9,0.3,6C7,13C7,3/8/2016,44,1.81,,
28532,BdTR5h_R3F,BdTR5h,Clone3,3,702,BVZ0049,SRE,NCRIS-5,13A3,18,8,9/14/2015,9/21/2015,9/27/2015,0.0,1.0,1.1,1.3,1.5,1.7,1.9,1.9,2.1,2.2,2.3,2.5,2.7,2.8,3.0,3.1,3.1,3.5,3.6,3.7,3.9,4.1,4.4,4.7,4.9,5.6,7.0,7.5,7.5,8.7,8.5,9.5,10.4,10.6,14,22.4,35.7,49.6,57.7,64.3,1,4,8,6.3,0.2,6D7,13D7,3/30/2016,36,1.96,,
28533,BdTR3c_R1F,BdTR3c,Clone2,1,679,BVZ0049,SRE,NCRIS-5,13A4,18,9,9/14/2015,9/21/2015,9/27/2015,1.3,1.4,1.7,1.9,1.9,1.9,2.0,2.2,2.4,2.6,2.7,3.1,3.2,3.3,3.6,3.7,3.8,4.1,4.1,4.3,4.4,4.7,5.3,5.6,5.3,7.6,9.1,9.0,7.8,9.7,11.3,11.6,13.2,14.4,16.9,27.3,37.5,59.6,65.9,66.4,2,4,13,6.6,0.3,6E7,13E7,3/11/2016,38,2.35,,
28534,BdTR9m_R1F,BdTR9m,Clone4,1,727,BVZ0049,SRE,NCRIS-5,13A5,18,10,9/14/2015,9/21/2015,9/27/2015,0.0,1.1,1.4,1.6,1.7,1.9,1.9,2.1,2.3,2.4,2.5,2.7,2.8,3.1,3.3,3.4,3.5,3.7,3.9,4.0,4.1,4.4,4.7,5.1,6.1,7.3,9.4,9.7,10.0,10.5,10.8,11.7,12.7,15.1,18.3,27,44.5,67.4,73.9,76.3,2,5,13,6.4,0.3,6F7,13F7,3/18/2016,32,1.97,,
28535,BdTR13f_R2F,BdTR13f,Clone7,2,759,BVZ0049,SRE,NCRIS-5,13B1,19,6,9/14/2015,9/21/2015,9/27/2015,1.2,1.3,1.6,1.8,1.9,2.0,2.1,2.3,2.5,2.6,2.9,3.2,3.3,3.4,3.6,3.7,3.9,4.3,4.5,4.5,4.6,4.9,5.4,5.9,4.5,6.1,7.2,7.5,8.3,8.8,9.9,9.8,12.5,13.1,16.3,29.6,40.2,56.2,60.1,60.5,1,4,11,6.0,0.3,6G7,13G7,3/4/2016,34,2.058,,
28536,BdTR5a_R1F,BdTR5a,Clone3,1,695,BVZ0049,SRE,NCRIS-5,13B2,19,7,9/14/2015,9/21/2015,9/27/2015,0.0,0.0,1.1,1.3,1.4,1.6,1.8,1.9,2.1,2.2,2.3,2.6,2.7,2.9,3.0,3.1,3.1,3.4,3.5,3.7,3.8,4.0,4.4,4.7,4.5,5.7,6.3,6.8,6.9,8.0,8.1,9.0,10.5,10.7,14.4,21.7,33.7,45.9,55.7,60.5,0,2,7,5.8,0.2,6H7,13H7,4/1/2016,31,1.6,,
28537,BdTR13i_R2F,BdTR13i,Clone7,2,762,BVZ0049,SRE,NCRIS-5,13B3,19,8,9/14/2015,9/21/2015,9/27/2015,1.1,1.4,1.6,1.7,1.9,1.9,2.0,2.1,2.4,2.6,2.7,2.9,3.1,3.2,3.3,3.4,3.5,4.0,4.1,4.2,4.3,4.7,5.2,5.6,4.0,6.7,6.8,7.0,8.0,8.3,8.5,9.2,10.7,11.7,16.2,27.1,37,56.4,60,60,2,3,10,5.3,0.2,6A8,13A8,3/8/2016,30,1.56,,
28538,BdTR9j_R2F,BdTR9j,Clone4,2,725,BVZ0049,SRE,NCRIS-5,13B4,19,9,9/14/2015,9/21/2015,---,0.0,0.0,1.2,1.3,1.5,1.7,1.8,1.9,2.2,2.3,2.5,2.8,2.9,3.0,3.1,3.2,3.4,3.7,3.9,3.9,4.0,4.3,4.6,5.0,4.5,6.3,6.7,6.7,8.1,8.9,9.3,11.0,11.7,13.0,15.1,23.3,39.7,66.7,75.7,79.2,1,6,9,5.1,0.2,6B8,13B8,3/18/2016,25,1.89,,
28539,Bd21_R4F,Bd21,Bd21,4,4741,BVZ0049,SRE,NCRIS-5,13B5,19,10,9/14/2015,9/21/2015,---,0.0,0.0,0.0,0.0,1.1,1.3,1.5,1.7,1.9,1.9,2.0,2.3,2.4,2.4,2.6,2.8,2.9,3.1,3.3,3.4,3.5,3.9,4.1,4.5,0.5,5.0,5.1,7.1,7.4,7.5,8.1,8.2,9.8,9.7,11.1,19.4,31.6,54.7,55.3,55.6,0,4,5,5.0,0.2,6C8,13C8,3/7/2016,22,1.13,,
28540,Bd21_R1F,Bd21,Bd21,1,4741,BVZ0049,SRE,NCRIS-5,13C1,20,6,9/14/2015,9/21/2015,9/27/2015,0.0,0.0,1.1,1.3,1.4,1.6,1.7,1.9,2.1,2.3,2.3,2.6,2.7,2.9,3.1,3.1,3.3,3.5,3.7,3.9,3.9,4.1,4.5,4.9,5.2,7.1,7.2,7.9,7.0,8.6,8.5,9.6,10.1,10.4,12.1,19.8,35.4,52.5,53.9,54.1,1,5,10,5.3,0.3,6D8,13D8,3/4/2016,30,1.53,,
28541,BdTR1m_R1F,BdTR1m,Clone1,1,658,BVZ0049,SRE,NCRIS-5,13C2,20,7,9/14/2015,9/21/2015,9/28/2015,0.0,1.2,1.4,1.6,1.7,1.9,1.9,2.1,2.3,2.4,2.5,2.8,2.9,3.1,3.2,3.3,3.5,3.7,3.9,3.9,4.0,4.3,4.7,5.1,4.3,5.4,7.0,7.0,8.0,8.0,8.6,10.8,10.6,12.2,15.1,23.1,36.2,60,65.8,66.6,2,5,11,5.4,0.3,6E8,13E8,3/9/2016,30,1.17,,
28542,BdTR5a_R2F,BdTR5a,Clone3,2,695,BVZ0049,SRE,NCRIS-5,13C3,20,8,9/14/2015,9/21/2015,9/27/2015,0.0,0.0,1.1,1.2,1.4,1.6,1.7,1.9,2.0,2.2,2.3,2.5,2.6,2.7,2.9,2.9,3.1,3.3,3.4,3.6,3.7,3.9,4.3,4.6,4.3,6.0,6.5,7.3,7.1,7.8,8.5,8.5,10.5,10.6,13.7,22.6,35.3,51,61.2,68.8,0,3,7,6.3,0.2,6F8,13F8,4/1/2016,44,2.22,,
28543,BdTR13b_R3F,BdTR13b,Clone7,3,755,BVZ0049,SRE,NCRIS-5,13C4,20,9,9/14/2015,9/21/2015,9/27/2015,1.2,1.3,1.6,1.7,1.9,2.0,2.1,2.3,2.5,2.7,2.9,3.2,3.3,3.5,3.7,2.9,3.9,4.2,4.3,4.4,4.6,5.0,5.4,5.9,4.6,5.6,7.0,7.0,8.1,9.2,10.3,10.6,11.9,12.0,15.2,26.5,38.6,59.7,65,65,1,5,12,5.3,0.2,6G8,13G8,3/2/2016,30,1.83,,
28544,BdTR10i_R2F,BdTR10i,Clone5,2,736,BVZ0049,SRE,NCRIS-5,13C5,20,10,9/14/2015,9/21/2015,9/27/2015,1.0,1.3,1.5,1.7,1.9,1.9,2.0,2.1,2.4,2.6,2.7,2.9,2.9,3.0,3.2,3.3,3.5,3.7,3.9,4.0,4.0,4.4,4.7,5.1,4.1,5.8,7.3,7.1,9.1,9.0,8.8,10.0,10.4,11.6,13.6,22.9,36.2,59.4,65.6,67,2,7,14,6.0,0.2,6H8,13H8,3/16/2016,38,2.13,,
28545,BdTR13a_R2F,BdTR13a,Clone7,2,754,BVZ0049,SRE,NCRIS-5,13D1,21,6,9/14/2015,9/21/2015,9/27/2015,1.1,1.3,1.5,1.6,1.9,1.9,2.0,2.2,2.5,2.6,2.7,3.1,3.2,3.4,3.7,3.7,3.9,4.1,4.2,4.4,4.5,4.9,5.3,5.7,4.2,5.7,6.7,6.8,7.7,8.3,9.6,9.9,12.1,12.8,17.8,27.2,34.8,52.8,57.9,58.4,2,5,12,5.2,0.2,6A9,13A9,3/7/2016,43,2.16,,
28546,BdTR1e_R2F,BdTR1e,Clone1,2,651,BVZ0049,SRE,NCRIS-5,13D2,21,7,9/14/2015,9/21/2015,9/27/2015,0.0,1.1,1.3,1.5,1.6,1.9,1.9,2.0,2.3,2.4,2.6,2.9,2.9,2.9,3.0,3.1,3.3,3.6,3.9,3.9,3.9,4.1,4.5,4.9,3.2,4.5,5.5,5.3,6.9,7.3,7.5,9.2,10.2,11.1,12.2,19.1,31.4,55,58.4,59.7,0,4,12,4.9,0.2,6B9,13B9,3/13/2016,30,1.64,,
28547,GUL1-2_R1F,GUL1-2,HYB1,1,367,BVZ0049,SRE,NCRIS-5,13D3,21,8,9/14/2015,9/21/2015,9/27/2015,0.0,0.0,0.0,1.1,1.3,1.6,1.9,2.0,2.1,2.3,2.4,2.6,2.7,2.9,3.0,3.2,3.3,3.5,3.6,3.7,3.9,4.2,4.5,5.1,4.9,8.7,10.8,14.5,17.0,20.6,22.3,24.6,28.4,28.8,36.2,53.8,69.7,90.8,93.2,92.5,1,7,10,12.6,0.4,6C9,13C9,3/4/2016,35,3.85,,
28548,BdTR10h_R2F,BdTR10h,Clone5,2,735,BVZ0049,SRE,NCRIS-5,13D4,21,9,9/14/2015,9/21/2015,9/27/2015,1.1,1.4,1.6,1.8,1.9,1.9,2.0,2.1,2.3,2.5,2.6,2.8,2.9,3.1,3.2,3.3,3.4,3.7,3.8,3.9,4.0,4.3,4.6,5.0,3.7,5.7,7.8,7.5,8.5,8.5,8.6,9.9,10.2,11.0,14,21.4,34.2,56.1,63.1,66,2,6,13,5.7,0.2,6D9,13D9,3/16/2016,36,1.9,,
28549,BdTR5c_R1F,BdTR5c,Clone3,1,697,BVZ0049,SRE,NCRIS-5,14A1,22,6,9/14/2015,9/21/2015,9/27/2015,0.0,1.1,1.2,1.5,1.6,1.7,1.9,1.9,2.1,2.3,2.4,2.6,2.6,2.7,3.0,3.1,3.1,3.4,3.6,3.7,3.7,4.1,4.4,4.7,4.9,5.9,7.4,7.6,7.4,8.4,8.2,8.8,9.9,9.9,14.1,20.8,29.9,48.8,60,63.3,0,3,9,6.6,0.2,6E9,13E9,4/4/2016,47,1.89,,
28550,BdTR3s_R1F,BdTR3s,Clone2,1,693,BVZ0049,SRE,NCRIS-5,14A2,22,7,9/14/2015,9/21/2015,9/27/2015,1.0,1.4,1.6,1.8,1.9,1.9,2.0,2.2,2.4,2.5,2.6,2.9,3.2,3.2,3.5,3.5,3.6,3.9,4.0,4.1,4.2,4.4,4.9,5.2,4.9,6.6,8.1,8.2,8.5,8.8,9.9,10.5,11.1,12.5,15.7,25.1,39.8,63.1,70.1,73,2,7,12,6.2,0.2,6F9,13F9,3/13/2016,35,2.65,,
28551,Bd21_R8F,Bd21,Bd21,8,4741,BVZ0049,SRE,NCRIS-5,14A3,22,8,9/14/2015,9/21/2015,9/27/2015,0.0,1.0,1.2,1.4,1.5,1.9,1.9,1.9,2.1,2.2,2.4,2.6,2.7,3.0,3.1,3.3,3.4,3.7,3.7,3.9,4.0,4.3,4.6,5.1,4.7,6.9,8.6,8.9,8.6,9.1,9.1,10.2,10.6,11.2,12.8,22.1,32.8,53.8,54.5,54.2,2,4,8,5.7,0.2,6G9,13G9,3/4/2016,30,1.52,,
28552,SLK7_R3F,SLK7,HYB1,3,548,BVZ0049,SRE,NCRIS-5,14A4,22,9,9/14/2015,9/21/2015,9/27/2015,0.0,0.0,1.1,1.3,1.5,1.7,1.9,1.9,2.1,2.2,2.4,2.7,2.8,2.9,3.1,3.2,3.3,3.5,3.6,3.7,3.8,4.2,4.5,5.1,6.1,9.0,11.5,15.0,17.1,20.7,22.6,24.0,27.6,29.1,38.2,57,71.1,93.2,94.3,96.6,1,6,10,12.8,0.4,6H9,13H9,3/2/2016,34,3.48,,
28553,MEL8_R1F,MEL8,HYB1,1,469,BVZ0049,SRE,NCRIS-5,14A5,22,10,9/14/2015,9/21/2015,9/27/2015,0.0,0.0,1.1,1.2,1.4,1.7,1.9,1.9,2.1,2.3,2.4,2.7,2.9,2.9,3.1,3.2,3.3,3.5,3.7,3.8,3.9,4.3,4.6,5.2,6.8,10.2,12.5,15.5,18.5,21.8,23.2,25.1,27.9,28.7,34.3,58.6,69.3,94.5,96.1,96,1,5,12,12.5,0.4,6A10,13A10,3/1/2016,34,3.84,,
28554,BdTR13g_R2F,BdTR13g,Clone7,2,760,BVZ0049,SRE,NCRIS-5,14B1,23,6,9/14/2015,9/21/2015,9/27/2015,1.2,1.4,1.6,1.7,1.9,2.0,2.1,2.3,2.5,2.6,2.7,3.1,3.3,3.5,3.6,3.7,3.9,4.2,4.3,4.5,4.5,4.8,5.3,5.7,4.4,6.2,7.5,7.4,8.2,8.6,10.0,10.4,11.9,13.0,17.2,29.8,40.3,55.7,60.6,62.3,2,5,11,5.9,0.2,6B10,13B10,3/8/2016,33,1.94,,
28555,BdTR3n_R1F,BdTR3n,Clone2,1,689,BVZ0049,SRE,NCRIS-5,14B2,23,7,9/14/2015,9/21/2015,9/27/2015,0.0,1.1,1.4,1.5,1.7,1.9,1.9,2.1,2.3,2.4,2.5,2.8,2.9,3.1,3.3,3.4,3.5,3.8,3.9,3.9,4.0,4.3,4.7,5.1,4.1,6.0,8.2,8.1,8.7,9.0,9.6,11.4,11.5,13.0,16.7,28.1,42.2,65.7,73,74.2,2,6,12,6.5,0.2,6C10,13C10,3/13/2016,35,2.45,,
28556,BdTR9f_R3F,BdTR9f,Clone4,3,721,BVZ0049,SRE,NCRIS-5,14B3,23,8,9/14/2015,9/21/2015,9/27/2015,0.0,1.1,1.3,1.5,1.7,1.9,1.9,1.9,2.2,2.3,2.5,2.6,2.7,2.8,3.1,3.2,3.3,3.6,3.7,3.8,3.9,4.0,4.5,4.7,4.7,6.8,8.9,9.0,9.3,9.6,9.5,10.7,12.5,12.7,17,23.7,35.5,68,78.4,83.1,1,6,11,5.6,0.3,6D10,13D10,3/25/2016,30,2.04,,
28557,BdTR3r_R1F,BdTR3r,Clone2,1,692,BVZ0049,SRE,NCRIS-5,14B4,23,9,9/14/2015,9/21/2015,9/27/2015,1.0,1.3,1.5,1.7,1.9,1.9,1.9,2.1,2.3,2.4,2.5,2.7,2.9,3.1,3.3,3.4,3.5,3.8,3.9,4.0,4.2,4.5,4.9,5.3,4.0,6.2,8.7,8.8,9.8,9.8,10.2,11.8,12.2,13.5,16,28.1,42.2,65.5,70.5,71.8,2,5,11,5.5,0.2,6E10,13E10,3/13/2016,33,2.5,,
28558,KEI5_R2F,KEI5,HYB2,2,426,BVZ0049,SRE,NCRIS-5,14B5,23,10,9/14/2015,9/21/2015,9/27/2015,0.0,0.0,1.0,1.1,1.4,1.7,1.9,1.9,2.1,2.2,2.4,2.6,2.9,2.9,3.1,3.2,3.3,3.5,3.7,3.9,3.9,4.3,4.5,5.1,6.3,10.3,12.7,16.5,19.4,23.0,25.0,27.7,31.5,31.7,40.3,55.5,71.6,97.4,101.5,101.3,1,6,9,13.2,0.4,6F10,13F10,3/2/2016,31,3.8,,
28559,Bd21_R6F,Bd21,Bd21,6,4741,BVZ0049,SRE,NCRIS-5,14C1,24,6,9/14/2015,9/21/2015,9/27/2015,0.0,0.0,1.1,1.3,1.5,1.7,1.9,1.9,2.2,2.3,2.4,2.6,2.8,3.0,3.1,3.2,3.4,3.7,3.7,3.9,4.0,4.2,4.5,4.9,4.6,7.3,8.0,8.3,8.6,9.0,9.0,10.1,10.6,10.8,12.1,21.8,33.7,50.5,56,56.4,2,4,10,5.5,0.3,6G10,13G10,3/4/2016,28,1.49,,
28560,Bd21_R3F,Bd21,Bd21,3,4741,BVZ0049,SRE,NCRIS-5,14C2,24,7,9/14/2015,9/21/2015,9/27/2015,0.0,0.0,1.2,1.4,1.5,1.8,1.9,2.0,2.2,2.3,2.5,2.7,2.8,3.0,3.1,3.3,3.3,3.7,3.9,3.9,4.0,4.3,4.6,5.0,4.8,7.0,8.0,8.1,8.4,8.8,9.1,10.5,1.7,11.2,13,22.2,36.8,58.5,58.5,59,2,4,10,5.6,0.2,6H10,13H10,3/8/2016,30,1.58,,
28561,MEL8_R2F,MEL8,HYB1,2,469,BVZ0049,SRE,NCRIS-5,14C3,24,8,9/14/2015,9/21/2015,9/27/2015,0.0,0.0,0.0,0.0,1.1,1.4,1.6,1.7,1.9,2.0,2.1,2.4,2.5,2.7,2.9,2.9,3.1,3.3,3.4,3.5,3.6,3.9,4.3,4.6,4.9,9.0,9.3,13.9,15.8,19.1,21.1,22.6,27.3,29.5,35.3,51.1,63,82.4,89.3,88.7,1,6,8,13.0,0.4,6A11,13A11,3/4/2016,32,3.58,,
28562,BdTR2p_R2F,BdTR2p,Clone1,2,674,BVZ0049,SRE,NCRIS-5,14C4,24,9,9/14/2015,9/21/2015,9/27/2015,0.0,1.2,1.4,1.5,1.7,1.9,1.9,2.0,2.3,2.5,2.6,2.9,2.9,3.1,3.3,3.3,3.4,3.7,3.8,3.9,3.9,4.2,4.5,5.0,5.0,6.8,7.6,7.7,9.2,9.4,9.3,10.9,11.6,12.3,15.1,27.7,37.2,62.4,69.4,70,1,5,12,6.2,0.2,6B11,13B11,3/8/2016,35,1.53,,
28563,BdTR3i_R1F,BdTR3i,Clone2,1,685,BVZ0049,SRE,NCRIS-5,14C5,24,10,9/14/2015,9/21/2015,9/27/2015,0.0,1.3,1.5,1.7,1.9,1.9,2.1,2.2,2.4,2.5,2.7,3.1,3.1,3.3,3.5,3.0,3.7,4.1,4.2,4.3,4.3,4.7,5.2,5.5,5.4,7.5,8.8,9.0,9.7,10.2,11.5,11.6,13.1,13.0,18,34.4,46.1,65.6,71.6,72.5,2,7,10,6.8,0.3,6C11,13C11,3/11/2016,35,2.65,,
28564,GUL3-8_R2F,GUL3-8,HYB1,2,389,BVZ0049,SRE,NCRIS-5,14D1,25,6,9/14/2015,9/21/2015,9/27/2015,0.0,0.0,1.0,1.1,1.3,1.5,1.9,1.9,2.1,2.2,2.3,2.6,2.7,2.9,3.0,3.1,3.2,3.4,3.6,3.7,3.7,4.1,4.5,5.1,5.3,8.2,10.0,14.0,16.5,19.6,21.2,22.1,26.0,26.8,34.1,49.7,56.2,78.3,83,83,1,7,8,11.0,0.3,6D11,13D11,3/4/2016,27,2.99,,
28565,BdTR1a_R1F,BdTR1a,Clone1,1,647,BVZ0049,SRE,NCRIS-5,14D2,25,7,9/14/2015,9/21/2015,9/27/2015,0.0,1.3,1.4,1.5,1.7,1.9,1.9,2.1,2.3,2.4,2.6,2.8,2.9,3.1,3.2,3.3,3.5,3.8,3.8,3.9,4.0,4.3,4.7,5.1,4.9,5.7,7.2,7.2,8.1,8.0,8.4,10.0,10.2,11.2,13.2,22.7,33.5,58.1,60.7,60.5,2,5,16,5.4,0.2,6E11,13E11,3/9/2016,38,1.77,,
28566,BdTR11d_R1F,BdTR11d,Clone6,1,745,BVZ0049,SRE,NCRIS-5,14D3,25,8,9/14/2015,9/21/2015,9/27/2015,0.0,1.1,1.2,1.4,1.6,1.9,1.9,1.9,2.1,2.3,2.3,2.6,2.7,2.9,3.1,3.2,3.3,3.6,3.7,3.9,4.0,4.2,4.6,5.1,4.7,6.7,8.5,9.0,9.5,10.1,10.3,11.9,12.8,13.9,17.3,26.6,33.1,60.3,69.6,72.2,0,6,10,6.5,0.2,6F11,13F11,3/8/2016,32,2.12,,
28567,BdTR2c_R3F,BdTR2c,Clone1,3,662,BVZ0049,SRE,NCRIS-5,14D4,25,9,9/14/2015,9/21/2015,9/27/2015,0.0,1.2,1.4,1.5,1.7,1.9,1.9,2.1,2.3,2.5,2.6,2.9,2.9,3.1,3.3,3.3,3.5,3.8,3.9,4.0,4.0,4.3,4.7,5.1,5.1,6.0,7.8,8.6,9.0,8.9,9.0,10.1,10.5,11.6,14.2,20.7,35.6,62.2,64.2,64.9,2,6,17,6.0,0.2,6G11,13G11,3/8/2016,43,2.02,,
28568,Bd21_R5F,Bd21,Bd21,5,4741,BVZ0049,SRE,NCRIS-5,15A2,26,7,9/14/2015,9/21/2015,9/27/2015,0.0,1.0,1.2,1.4,1.5,1.8,1.9,1.9,2.1,2.2,2.3,2.6,2.6,2.7,3.1,3.2,3.3,3.6,3.7,3.9,3.9,4.1,4.5,4.9,4.5,6.5,7.8,8.2,8.0,8.0,8.2,9.5,10.0,10.4,13,22.9,30.1,48.7,49.7,49.9,0,4,9,5.1,0.3,6H11,13H11,3/4/2016,26,1.23,,
28569,BdTR5b_R3F,BdTR5b,Clone3,3,696,BVZ0049,SRE,NCRIS-5,15A3,26,8,9/14/2015,9/21/2015,9/27/2015,0.0,0.0,1.1,1.3,1.4,1.6,1.9,1.9,2.0,2.1,2.7,2.4,2.5,2.6,2.7,2.9,3.0,3.2,3.4,3.5,3.6,3.9,4.2,4.5,5.0,6.1,6.9,7.8,7.8,8.6,9.8,9.1,11.0,11.8,12.9,20.6,31.1,49.3,60.5,72.1,1,4,7,6.5,0.2,6A12,13A12,4/4/2016,30,1.89,,
28570,BdTR13c_R1F,BdTR13c,Clone7,1,756,BVZ0049,SRE,NCRIS-5,15A4,26,9,9/14/2015,9/21/2015,9/27/2015,1.0,1.2,1.4,1.7,1.9,2.0,2.1,2.3,2.6,2.7,2.9,3.1,3.2,3.3,3.6,3.7,3.8,4.1,4.1,4.4,4.5,4.7,5.3,5.6,4.2,5.2,6.4,6.9,8.4,8.2,10.0,11.0,12.4,13.6,17.9,34.2,47.4,64.2,69.4,70.2,0,5,9,5.5,0.2,6B12,13B12,3/2/2016,24,1.68,,
28571,BdTR11h_R3F,BdTR11h,Clone6,3,749,BVZ0049,SRE,NCRIS-5,15A5,26,10,9/14/2015,9/21/2015,9/27/2015,0.0,1.2,1.3,1.5,1.7,1.9,1.9,2.0,2.2,2.3,2.5,2.8,2.9,3.1,3.3,3.3,3.4,3.7,3.9,3.9,4.0,4.3,4.6,5.1,4.8,6.4,8.5,8.6,9.5,9.5,9.9,12.0,12.0,13.0,17.3,25.6,36.6,63.8,72.5,75.3,1,5,9,6.7,0.3,6C12,13C12,3/8/2016,30,2.26,,
28572,BdTR13c_R3F,BdTR13c,Clone7,3,756,BVZ0049,SRE,NCRIS-5,15B1,27,6,9/14/2015,9/21/2015,9/27/2015,1.1,1.3,1.4,1.5,1.8,1.9,1.9,2.1,2.3,2.5,2.6,2.8,3.1,3.2,3.4,3.5,3.6,3.9,3.9,4.0,4.3,4.5,4.9,5.3,3.8,4.8,6.3,6.3,7.4,7.8,8.5,9.5,10.7,12.2,15.4,29,37.6,56.2,52.5,63.5,2,3,10,5.5,0.2,6D12,13D12,3/2/2016,36,1.91,,
28573,GWW10_R1F,GWW10,HYB1,1,397,BVZ0049,SRE,NCRIS-5,15B2,27,7,9/14/2015,9/21/2015,9/27/2015,0.0,0.0,1.1,1.3,1.5,1.8,1.9,1.9,2.1,2.2,2.3,2.6,2.7,2.9,3.1,3.4,3.2,3.4,3.5,3.7,3.7,4.1,4.4,4.7,5.2,7.9,10.8,13.6,15.5,19.4,20.6,22.2,26.5,28.1,34.8,53,64.5,83.7,90,90.5,1,5,9,12.5,0.4,6E12,13E12,3/4/2016,35,3.71,,
28574,BRO1-1_R3F,BRO1-1,HYB1,3,278,BVZ0049,SRE,NCRIS-5,15B3,27,8,9/14/2015,9/21/2015,9/27/2015,0.0,0.0,0.0,1.1,1.3,1.5,1.7,1.9,1.9,2.1,2.1,2.3,2.5,2.5,2.7,2.8,3.0,3.2,4.3,4.3,3.4,3.7,4.3,4.4,6.2,10.0,11.2,15.8,17.3,18.0,20.8,23.0,27.1,30.1,39.3,55.2,62.7,88.4,98.4,101.2,2,6,5,13.1,0.5,6F12,13F12,3/13/2016,20,3.89,,
28575,BdTR2n_R3F,BdTR2n,Clone1,3,672,BVZ0049,SRE,NCRIS-5,15B4,27,9,9/14/2015,9/21/2015,9/27/2015,0.0,1.2,1.4,1.5,1.7,1.9,1.9,1.9,2.1,2.2,2.3,2.6,2.6,2.7,3.0,3.1,3.1,3.5,3.5,3.7,3.7,4.0,4.4,4.7,4.6,6.2,7.9,8.5,8.4,8.8,8.8,9.2,10.6,10.6,14,20.1,29.8,51.6,58.3,58,1,7,14,5.7,0.3,6G12,13G12,3/13/2016,36,1.52,,
28576,BdTR1b_R2F,BdTR1b,Clone1,2,648,BVZ0049,SRE,NCRIS-5,15B5,27,10,9/14/2015,9/21/2015,9/27/2015,0.0,1.1,1.2,1.4,1.5,1.7,1.9,1.9,2.1,2.2,2.3,2.6,2.8,2.9,3.0,3.1,3.1,3.5,3.6,3.7,3.7,4.0,4.4,4.7,4.4,5.6,6.2,6.8,7.3,8.4,8.3,8.5,10.0,10.1,13,20.6,28.9,52.5,60.7,62.5,1,6,15,5.6,0.2,6H12,13H12,3/13/2016,32,1.61,,
28577,BdTR1j_R2F,BdTR1j,Clone1,2,656,BVZ0049,SRE,NCRIS-5,15C1,28,6,9/14/2015,9/21/2015,9/27/2015,1.0,1.3,1.4,1.6,1.7,1.9,2.0,2.1,2.3,2.5,2.6,2.9,2.9,3.1,3.3,3.3,3.4,3.7,3.7,3.9,4.0,4.3,4.6,5.1,5.5,6.0,7.2,7.2,8.3,8.2,8.2,9.3,9.1,10.1,13,20,29.9,59.5,63.7,64.7,2,7,15,5.9,0.2,7A1,14A1,3/9/2016,41,1.93,,
28578,BdTR2k_R2F,BdTR2k,Clone1,2,670,BVZ0049,SRE,NCRIS-5,15C2,28,7,9/14/2015,9/21/2015,9/27/2015,1.0,1.4,1.5,1.7,1.9,1.9,2.0,2.1,2.3,2.5,2.6,2.9,2.9,3.1,3.3,3.3,3.4,3.7,3.7,3.9,3.9,4.2,4.5,5.0,5.3,6.4,7.8,7.7,8.6,8.7,8.8,10.1,10.6,10.9,13.6,20.2,29.1,52.2,60.4,61.6,2,5,15,6.0,0.2,7B1,14B1,3/13/2016,37,1.51,,
28579,BdTR9k_R2F,BdTR9k,Clone4,2,726,BVZ0049,SRE,NCRIS-5,15C3,28,8,9/14/2015,9/21/2015,9/27/2015,0.0,1.4,1.5,1.7,1.9,1.9,2.0,2.1,2.3,2.4,2.5,3.0,3.1,3.2,3.4,3.5,3.5,3.8,4.1,4.2,4.3,4.5,4.9,5.2,5.5,8.9,11.0,11.0,10.8,11.2,11.5,12.5,14.2,15.2,18.6,27,34.3,60.4,68.4,72.9,2,6,14,6.1,0.3,7C1,14C1,3/11/2016,35,2.03,,
28580,BdTR1k_R1F,BdTR1k,Clone1,1,657,BVZ0049,SRE,NCRIS-5,15C4,28,9,9/14/2015,9/21/2015,9/27/2015,0.0,1.1,1.3,1.5,1.6,1.9,1.9,1.9,2.1,2.2,2.3,2.6,2.7,2.7,3.0,3.1,3.2,3.5,3.6,3.7,3.9,4.1,4.4,4.7,4.6,5.7,7.2,7.5,7.6,8.2,7.6,8.5,9.7,9.7,13.6,20.4,28.6,51.4,58.5,61,2,5,12,5.2,0.2,7D1,14D1,3/13/2016,27,13.7,,
28581,BdTR3e_R1F,BdTR3e,Clone2,1,681,BVZ0049,SRE,NCRIS-5,15C5,28,10,9/14/2015,9/21/2015,9/27/2015,0.0,1.3,1.4,1.6,1.7,1.9,1.9,2.1,2.3,2.5,2.6,2.8,2.9,3.1,3.2,3.3,3.4,3.7,3.9,4.0,4.1,4.3,4.7,5.1,4.4,5.9,7.7,7.8,9.0,9.4,9.6,11.0,11.2,13.1,17.6,27.4,42.1,65.8,60.1,72.7,1,4,9,6.4,0.2,7E1,14E1,3/15/2016,29,1.99,,
28582,BdTR2r_R2F,BdTR2r,Clone1,2,675,BVZ0049,SRE,NCRIS-5,15D1,29,6,9/14/2015,9/21/2015,9/27/2015,1.0,1.2,1.3,1.4,1.6,1.9,1.9,2.0,2.2,2.3,2.5,2.7,2.9,3.0,3.1,3.2,3.3,3.6,3.7,3.9,3.9,4.1,4.4,4.8,4.9,5.7,7.0,7.0,7.6,7.8,7.8,9.0,9.9,10.1,13,18,29.1,50.9,56.6,55.2,2,6,15,5.2,0.2,7F1,14F1,3/13/2016,45,1.72,,
28583,BdTR5n_R3F,BdTR5n,Clone3,3,707,BVZ0049,SRE,NCRIS-5,15D2,29,7,9/14/2015,9/21/2015,9/27/2015,0.0,0.0,1.1,1.2,1.4,1.6,1.7,1.9,1.9,2.1,2.1,2.3,2.5,2.6,2.7,2.7,2.9,3.1,3.3,3.4,3.5,3.8,4.1,4.5,4.3,5.6,6.1,7.2,7.2,7.4,7.8,8.0,9.6,9.6,12.7,20.4,30.7,50.7,62.1,76.5,0,3,7,5.8,0.2,7G1,14G1,4/6/2016,47,2.29,,
28584,BdTR1e_R1F,BdTR1e,Clone1,1,651,BVZ0049,SRE,NCRIS-5,15D3,29,8,9/14/2015,9/21/2015,9/27/2015,1.2,1.5,1.7,1.9,1.9,2.0,2.2,2.4,2.7,2.9,2.9,3.1,3.3,3.3,3.6,3.7,3.8,4.0,4.1,4.2,4.3,4.5,4.9,5.2,4.2,5.5,6.0,7.0,8.0,7.8,9.3,9.0,10.2,11.1,13.4,18.2,30.5,57,63.3,64.5,2,7,16,5.0,0.2,7H1,14H1,3/15/2016,35,1.74,,
28585,BLA1_R3F,BLA1,HYB1,3,252,BVZ0049,SRE,NCRIS-5,15D4,29,9,9/14/2015,9/21/2015,9/28/2015,0.0,0.0,0.0,1.1,1.2,1.6,1.8,1.9,1.9,2.2,2.2,2.5,2.6,2.7,2.9,3.1,3.1,3.5,3.5,3.6,3.7,3.9,4.4,4.6,3.9,7.3,9.1,12.8,14.7,18.2,20.7,22.2,27.6,29.8,37.1,52.4,65.4,83.5,88,90,1,6,9,12.2,0.4,7A2,14A2,3/4/2016,34,3.4,,
28586,BdTR2s_R1F,BdTR2s,Clone1,1,676,BVZ0049,SRE,NCRIS-5,16A1,30,6,9/14/2015,9/21/2015,9/27/2015,1.0,1.3,1.4,1.5,1.7,1.9,1.9,2.1,2.3,2.5,2.6,2.7,2.9,3.0,3.1,3.2,3.3,3.5,3.7,3.9,3.9,4.1,4.5,4.9,5.3,5.7,6.6,6.5,7.5,7.6,7.5,8.7,9.2,9.4,11,16.1,26.3,49.7,56.2,57.3,2,8,15,5.1,0.3,7B2,14B2,3/13/2016,39,1.65,,
28587,BdTR1h_R3F,BdTR1h,Clone1,3,654,BVZ0049,SRE,NCRIS-5,16A2,30,7,9/14/2015,9/21/2015,9/27/2015,0.0,1.3,1.5,1.6,1.7,1.9,1.9,2.0,2.2,2.3,2.4,2.7,2.7,2.9,3.1,3.1,3.3,3.5,3.7,3.7,3.9,4.1,4.5,4.8,5.1,5.8,7.6,7.7,7.8,8.5,8.4,9.1,9.6,9.6,12.1,16.7,26.5,49.3,57.7,60.1,2,7,13,5.5,0.2,7C2,14C2,3/13/2016,31,1.65,,
28588,BdTR10d_R3F,BdTR10d,Clone5,3,731,BVZ0049,SRE,NCRIS-5,16A3,30,8,9/14/2015,9/21/2015,9/27/2015,0.0,1.2,1.4,1.7,1.9,1.9,1.9,2.0,2.2,2.3,2.4,2.7,2.7,2.9,3.0,3.1,3.2,3.4,3.6,3.7,3.8,4.2,4.4,4.8,5.8,5.5,7.8,7.9,8.0,8.2,8.5,8.9,10.0,10.0,14,20.6,30.1,54.3,63.4,65.7,1,4,11,5.7,0.2,7D2,14D2,3/16/2016,32,1.61,,
28589,KEI1_R1F,KEI1,HYB2,1,422,BVZ0049,SRE,NCRIS-5,16A4,30,9,9/14/2015,9/21/2015,9/27/2015,0.0,0.0,1.1,1.3,1.5,1.7,1.9,1.9,2.1,2.3,2.5,2.7,2.9,2.9,3.1,3.2,3.3,3.6,3.7,3.7,3.7,3.8,4.1,4.1,5.5,8.1,11.1,14.0,16.8,19.9,21.8,21.9,21.6,21.6,31.2,52.2,60,74.5,82,83.8,1,3,7,12.5,0.3,7E2,14E2,3/8/2016,19,2,,
28590,BdTR1e_R3F,BdTR1e,Clone1,3,651,BVZ0049,SRE,NCRIS-5,16A5,30,10,9/14/2015,9/21/2015,9/27/2015,0.0,1.2,1.3,1.5,1.7,1.9,1.9,2.1,2.3,2.4,2.6,2.8,2.9,3.1,3.2,3.3,3.4,3.7,3.7,3.9,3.9,4.2,4.6,4.9,5.2,5.9,7.6,7.6,8.4,8.5,8.5,9.7,10.4,11.0,13,19.7,27.3,50.4,58.4,58.7,2,7,11,5.6,0.2,7F2,14F2,3/11/2016,27,1.57,,
28591,BdTR2d_R3F,BdTR2d,Clone1,3,663,BVZ0049,SRE,NCRIS-5,16B1,31,6,9/14/2015,9/21/2015,9/27/2015,1.0,1.3,1.5,1.7,1.9,1.9,1.9,2.1,2.3,2.4,2.5,2.8,2.9,3.1,3.2,3.3,3.4,3.7,3.8,3.9,4.0,4.3,4.7,5.0,5.1,6.6,8.1,8.0,8.9,9.0,8.9,10.2,11.0,11.7,15,22.1,31.4,51.2,59,58.6,2,4,11,5.7,0.3,7G2,14G2,3/9/2016,27,1.26,,
28592,BdTR1f_R2F,BdTR1f,Clone1,2,652,BVZ0049,SRE,NCRIS-5,16B2,31,7,9/14/2015,9/21/2015,9/27/2015,0.0,1.1,1.3,1.5,1.7,1.9,1.9,1.9,2.2,2.3,2.5,2.6,2.7,2.8,3.0,3.1,3.2,3.6,3.6,3.7,3.8,4.0,4.4,4.7,4.7,5.9,7.1,7.7,8.6,7.9,7.9,8.9,10.2,10.2,13.2,19.3,29.7,54.9,62.3,63.2,2,5,12,5.2,0.3,7H2,14H2,3/13/2016,33,1.66,,
28593,BdTR1f_R3F,BdTR1f,Clone1,3,652,BVZ0049,SRE,NCRIS-5,16B3,31,8,9/14/2015,9/21/2015,9/27/2015,0.0,1.1,1.2,1.4,1.6,1.7,1.9,1.9,2.1,2.2,2.3,2.5,2.6,2.7,2.9,2.9,3.1,3.3,3.4,3.6,3.6,3.9,4.2,4.6,4.4,5.7,6.8,7.2,7.2,8.2,8.2,8.6,9.5,9.7,11.2,17.2,28.9,53.8,62,62.5,1,6,12,5.5,0.3,7A3,14A3,3/16/2016,35,1.61,,
28594,BdTR2k_R3F,BdTR2k,Clone1,3,670,BVZ0049,SRE,NCRIS-5,16B4,31,9,9/14/2015,9/21/2015,9/27/2015,0.0,1.2,1.3,1.4,1.6,1.9,1.9,1.9,2.1,2.3,2.4,2.6,2.7,2.9,3.0,3.1,3.1,3.4,3.5,3.6,3.7,4.0,4.5,4.7,4.7,5.3,7.2,7.7,7.8,8.9,8.7,9.0,10.6,10.6,13.8,20,29,53.4,61.5,61.8,2,4,13,5.7,0.2,7B3,14B3,3/13/2016,31,1.22,,
28595,BdTR10e_R3F,BdTR10e,Clone5,3,732,BVZ0049,SRE,NCRIS-5,16B5,31,10,9/14/2015,9/21/2015,9/27/2015,1.1,1.4,1.5,1.8,1.9,1.9,1.9,2.1,2.3,2.4,2.5,2.6,2.7,3.0,3.1,3.3,3.3,3.6,3.7,3.9,3.9,4.1,4.5,4.9,4.3,6.1,7.8,7.8,8.1,8.0,8.0,9.0,10.0,10.3,14.2,21.5,30.6,53.8,60.7,60.5,2,3,11,5.4,0.2,7C3,14C3,3/16/2016,33,1.79,,
28596,ELI1_R2F,ELI1,HYB1,2,342,BVZ0049,SRE,NCRIS-5,16C1,32,6,9/14/2015,9/21/2015,9/27/2015,0.0,0.0,0.0,0.0,1.1,1.4,1.6,1.8,1.9,1.9,2.1,2.4,2.6,2.7,2.9,2.9,2.9,3.2,3.3,3.9,3.5,3.7,4.3,4.5,3.5,6.4,7.0,10.5,12.2,15.1,17.1,17.9,20.4,22.0,28.5,45.5,54.9,75.4,81.4,82.3,1,5,8,10.7,0.3,7D3,14D3,3/4/2016,32,2.99,,
28597,BdTR3m_R1F,BdTR3m,Clone2,1,688,BVZ0049,SRE,NCRIS-5,16C2,32,7,9/14/2015,9/21/2015,9/27/2015,1.0,1.3,1.5,1.5,1.7,1.9,1.9,2.0,2.2,2.3,2.5,2.7,2.8,3.1,3.2,3.3,3.5,3.7,3.9,4.0,4.1,4.3,4.7,5.2,4.5,6.2,8.0,8.4,8.8,9.2,9.8,10.8,11.2,13.0,18.2,30,41.9,64.8,72.5,69.3,2,6,10,6.5,0.3,7E3,14E3,3/13/2016,30,2.05,,
28598,BdTR1j_R1F,BdTR1j,Clone1,1,656,BVZ0049,SRE,NCRIS-5,16C3,32,8,9/14/2015,9/21/2015,9/27/2015,0.0,1.3,1.5,1.7,1.8,1.9,1.9,2.1,2.3,2.4,2.5,2.8,2.9,3.0,3.1,3.3,3.4,3.7,3.8,3.9,3.9,4.2,4.5,4.7,4.5,5.2,3.7,7.0,7.7,7.7,7.5,9.4,10.6,10.6,12.1,19.4,27,50.4,58.4,57.9,1,4,11,5.1,0.2,7F3,14F3,3/15/2016,28,1.36,,
28599,KEI5_R3F,KEI5,HYB2,3,426,BVZ0049,SRE,NCRIS-5,16C4,32,9,9/14/2015,9/21/2015,9/27/2015,0.0,0.0,1.0,1.2,1.4,1.7,1.9,1.9,2.1,2.3,2.4,2.7,2.7,2.9,3.1,3.2,3.3,3.6,3.6,3.7,3.9,4.3,4.5,5.1,6.2,10.1,12.6,18.3,18.9,22.3,24.1,26.4,30.3,31.3,40,53.4,65.7,85.4,89.7,90.1,2,6,6,13.2,0.4,7G3,14G3,3/2/2016,34,3.35,,
28600,BdTR10h_R3F,BdTR10h,Clone5,3,735,BVZ0049,SRE,NCRIS-5,16C5,32,10,9/14/2015,9/21/2015,9/27/2015,1.0,1.3,1.4,1.6,1.8,1.9,1.9,2.1,2.3,2.5,2.7,2.9,2.9,3.1,3.3,3.4,3.5,3.8,3.9,3.9,3.9,4.3,4.6,4.9,4.0,4.8,3.2,6.1,7.7,7.8,8.2,9.5,10.1,10.9,15,24.1,32.2,51.2,58.6,60.6,1,5,11,5.1,0.2,7H3,14H3,3/13/2016,33,1.9,,
28601,BdTR9g_R3F,BdTR9g,Clone4,3,722,BVZ0049,SRE,NCRIS-5,16D1,33,6,9/14/2015,9/21/2015,9/27/2015,0.0,1.3,1.4,1.6,1.8,1.9,1.9,2.1,2.3,2.3,2.5,2.7,3.0,3.1,3.3,3.4,3.5,3.7,3.8,3.9,4.0,4.3,4.6,5.1,5.7,7.4,10.1,10.6,10.6,11.2,11.3,12.0,13.5,14.1,17.7,28.4,43.2,72.8,81.4,82.3,2,8,11,6.8,0.3,7A4,14A4,3/4/2016,43,2.45,,
28602,ELI1_R3F,ELI1,HYB1,3,342,BVZ0049,SRE,NCRIS-5,16D2,33,7,9/14/2015,9/21/2015,9/27/2015,0.0,0.0,1.0,1.2,1.4,1.6,1.9,1.9,2.0,2.1,2.3,2.5,2.6,2.8,2.9,3.0,3.1,3.3,3.4,3.5,3.6,3.9,4.4,4.5,5.4,8.2,10.0,13.6,15.1,19.4,21.4,22.2,26.6,28.2,34.9,51.2,60.6,80,86.7,85.5,1,6,8,12.4,0.3,7B4,14B4,3/1/2016,31,3.1,,
28603,BdTR10o_R1F,BdTR10o,Clone5,1,741,BVZ0049,SRE,NCRIS-5,16D3,33,8,9/14/2015,9/21/2015,9/27/2015,1.0,1.4,1.6,1.9,1.9,1.9,2.0,2.1,2.4,2.5,2.6,2.8,2.9,3.0,3.1,3.2,3.4,3.7,3.7,3.9,4.0,4.2,4.6,4.9,4.7,6.5,7.8,7.0,8.0,8.7,8.8,9.5,10.3,10.8,14.4,22.6,30.6,55.3,62.3,64.5,2,5,11,6.0,0.2,7C4,14C4,3/15/2016,31,1.73,,
28604,GWW10_R2F,GWW10,HYB1,2,397,BVZ0049,SRE,NCRIS-5,16D4,33,9,9/14/2015,9/21/2015,9/27/2015,0.0,0.0,1.2,1.5,1.7,1.9,1.9,2.1,2.2,2.3,2.6,2.9,2.9,3.0,3.2,3.3,3.3,3.5,3.7,3.8,3.9,4.2,4.5,4.7,5.9,8.1,11.8,14.5,18.7,21.3,22.7,24.3,27.4,28.7,36.2,52.6,64.7,82,86,86.3,1,6,9,12.5,0.4,7D4,14D4,3/4/2016,32,3.11,,
,,,,,,,,,,,,,,,,,,,,,,,,,,,,,,,,,,,,,,,, ,,,,,,,,,,,,,,,,,,,,,,,,,,